,apple,banana,beef,bread,broccoli,butter,carrot,cheese,chicken,chocolate,cinnamon,corn,cucumber,egg,eggplant,fish,garlic,ginger,lemon,mushroom,olives,onion,orange,parsley,pasta,peas,potato,rice,spinach,tomato,age,gender,label
0,0,0,0,2,0,1,0,1,3,0,0,0,0,2,0,0,4,0,3,0,0,2,0,1,0,0,0,0,0,0,24,male,104
1,0,0,0,2,0,1,0,1,3,0,0,0,0,2,0,0,4,0,3,0,0,2,0,1,0,0,0,0,0,0,24,male,104
2,0,0,0,2,0,0,0,2,2,0,0,0,0,1,0,0,4,0,3,0,0,2,0,0,0,0,0,0,0,0,24,male,105
3,0,0,0,1,0,1,0,2,2,0,0,0,0,2,0,0,4,0,2,0,0,3,0,1,0,0,0,0,0,0,24,male,115
4,0,0,0,1,0,1,0,2,2,0,0,0,0,2,0,0,4,0,2,0,0,3,0,1,0,0,0,0,0,0,24,male,115
5,0,0,0,2,0,1,0,2,3,0,0,0,0,2,0,0,5,0,2,0,0,3,0,1,0,0,0,0,0,0,24,male,124
6,0,0,0,2,0,1,0,2,3,0,0,0,0,1,0,0,5,0,3,0,0,3,0,1,0,0,0,0,0,0,24,male,139
7,2,0,0,0,0,2,1,0,1,0,0,3,1,3,0,0,4,1,0,0,0,3,2,0,0,1,0,2,0,1,20,female,115
8,2,0,0,1,0,2,1,0,2,0,0,2,1,3,0,0,4,0,1,0,0,2,2,0,0,1,0,2,0,1,20,female,152
9,2,0,0,1,0,2,1,0,1,0,0,3,1,3,0,0,4,1,1,0,0,3,2,0,0,1,0,1,0,0,20,female,156
10,1,0,0,1,0,2,1,0,2,0,0,2,1,3,0,0,4,1,1,0,0,2,1,0,0,1,0,2,0,1,20,female,160
11,1,0,0,1,0,2,1,0,2,0,0,2,1,3,0,0,4,1,1,0,0,2,1,0,0,1,0,2,0,1,20,female,160
12,2,0,0,1,0,1,1,0,2,0,0,3,1,2,0,0,5,1,1,0,0,3,2,0,0,1,0,2,0,1,20,female,161
13,2,0,0,1,0,1,1,0,2,0,0,3,1,2,0,0,5,1,1,0,0,3,2,0,0,1,0,2,0,1,20,female,161
14,2,0,0,1,0,2,0,0,2,0,0,3,0,2,0,0,5,1,1,0,0,3,2,0,0,0,0,1,0,1,20,female,185
15,1,0,0,0,0,5,0,1,2,0,1,0,0,2,0,0,4,1,3,0,0,2,0,1,0,0,1,2,0,1,40,male,104
16,1,0,0,0,0,4,0,2,1,0,1,0,0,1,0,0,4,1,3,0,0,2,0,0,0,0,1,2,0,1,40,male,105
17,1,0,0,0,0,5,0,2,2,0,1,0,0,2,0,0,5,1,2,0,0,3,0,1,0,0,1,2,0,1,40,male,109
18,1,0,0,0,0,4,0,2,2,0,1,0,0,2,0,0,4,1,2,0,0,3,0,1,0,0,1,2,0,1,40,male,122
19,1,0,0,0,0,5,0,2,2,0,1,0,0,2,0,0,5,1,3,0,0,3,0,1,0,0,1,2,0,1,40,male,123
20,1,0,0,0,0,4,0,2,1,0,1,0,0,2,0,0,4,1,3,0,0,2,0,1,0,0,1,1,0,0,40,male,131
21,1,0,0,0,0,4,0,2,2,0,1,0,0,2,0,0,4,1,3,0,0,3,0,1,0,0,0,1,0,1,40,male,134
22,0,0,0,0,0,4,0,1,2,0,0,0,0,1,0,0,5,0,2,0,0,3,0,1,0,0,1,2,0,1,40,male,136
23,3,0,0,1,0,3,3,0,3,0,3,0,0,2,0,0,4,4,4,0,0,6,0,2,0,0,4,2,0,2,70,male,339
24,3,0,0,1,0,3,3,0,3,0,3,0,0,2,0,0,3,3,4,0,1,7,0,3,0,0,4,2,0,1,70,male,367
25,3,0,0,1,0,3,3,0,3,0,3,0,0,2,0,0,3,3,4,0,1,7,0,3,0,0,4,2,0,1,70,male,367
26,3,0,0,0,0,3,3,0,3,0,3,0,0,1,0,0,4,4,4,0,1,6,0,2,0,0,4,2,0,2,70,male,383
27,3,0,0,1,0,3,3,0,3,0,3,0,0,1,0,0,4,4,4,0,1,7,0,2,0,0,3,2,0,2,70,male,103
28,3,0,0,1,0,3,3,0,3,0,3,0,0,2,0,0,4,4,3,0,1,7,0,3,0,0,4,2,0,2,70,male,107
29,3,0,0,1,0,3,3,0,3,0,3,0,0,2,0,0,4,4,3,0,1,7,0,3,0,0,4,2,0,2,70,male,107
30,3,0,0,1,0,3,3,0,3,0,3,0,0,2,0,0,4,4,3,0,1,7,0,3,0,0,4,2,0,2,70,male,109
31,3,0,0,1,0,3,3,0,3,0,3,0,0,2,0,0,4,4,3,0,1,7,0,3,0,0,4,2,0,2,70,male,109
32,3,0,0,1,0,3,3,0,3,0,3,0,0,2,0,0,3,3,4,0,1,6,0,3,0,0,4,1,0,2,70,male,110
33,3,0,0,1,0,3,3,0,3,0,3,0,0,2,0,0,3,3,4,0,1,6,0,3,0,0,4,1,0,2,70,male,110
34,2,0,0,1,0,2,2,0,2,0,2,0,0,2,0,0,4,4,4,0,1,6,0,3,0,0,3,2,0,2,70,male,114
35,2,0,0,1,0,2,2,0,2,0,2,0,0,2,0,0,4,4,4,0,1,6,0,3,0,0,3,2,0,2,70,male,114
36,2,0,0,1,0,2,2,0,2,0,2,0,0,2,0,0,4,4,4,0,1,6,0,3,0,0,3,2,0,2,70,male,114
37,0,0,0,2,0,1,0,0,5,0,0,0,0,5,2,1,10,4,8,0,0,0,0,1,0,2,0,2,0,4,25,male,601
38,0,0,1,3,0,1,0,0,5,0,0,0,0,5,2,1,9,4,7,0,0,0,0,0,0,2,0,2,0,5,25,male,647
39,0,0,1,3,0,1,0,0,4,0,0,0,0,5,2,1,9,3,8,0,0,0,0,1,0,2,0,2,0,5,25,male,659
40,0,0,1,3,0,1,0,0,5,0,0,0,0,5,2,0,9,3,8,0,0,0,0,1,0,2,0,2,0,5,25,male,689
41,0,0,1,2,0,0,0,0,5,0,0,0,0,5,2,1,9,4,7,0,0,0,0,1,0,2,0,2,0,4,25,male,691
42,0,0,1,3,0,1,0,0,5,0,0,0,0,4,1,1,10,4,7,0,0,0,0,1,0,1,0,2,0,5,25,male,703
43,0,0,1,3,0,1,0,0,5,0,0,0,0,4,1,1,10,4,7,0,0,0,0,1,0,1,0,2,0,5,25,male,703
44,0,0,1,3,0,1,0,0,4,0,0,0,0,4,2,1,9,4,7,0,0,0,0,1,0,2,0,2,0,4,25,male,716
45,0,0,1,3,0,1,0,0,4,0,0,0,0,4,2,1,9,4,7,0,0,0,0,1,0,2,0,2,0,4,25,male,716
46,0,0,1,3,0,1,0,0,4,0,0,0,0,4,2,1,9,4,7,0,0,0,0,1,0,2,0,2,0,4,25,male,716
47,0,0,1,3,0,1,0,0,5,0,0,0,0,5,2,1,9,4,8,0,0,0,0,1,0,2,0,2,0,5,25,male,714
48,0,0,1,3,0,1,0,0,5,0,0,0,0,5,2,1,9,4,8,0,0,0,0,1,0,2,0,2,0,5,25,male,714
49,0,0,1,3,0,1,0,0,5,0,0,0,0,5,2,1,10,3,8,0,0,0,0,1,0,2,0,1,0,5,25,male,723
50,0,0,1,3,0,1,0,0,5,0,0,0,0,5,2,1,10,3,8,0,0,0,0,1,0,2,0,1,0,5,25,male,723
51,0,0,1,2,0,1,0,0,4,0,0,0,0,5,2,1,9,4,7,0,0,0,0,1,0,2,0,2,0,5,25,male,115
52,0,0,0,1,1,6,0,1,2,0,0,1,0,2,0,0,6,1,3,0,1,1,2,4,0,0,0,1,0,0,45,male,930
53,0,0,0,2,1,6,0,1,3,0,0,1,0,3,0,0,6,1,3,0,1,2,1,4,0,0,0,1,0,0,45,male,947
54,0,0,0,2,1,6,0,1,3,0,0,1,0,3,0,0,6,1,3,0,1,2,1,4,0,0,0,1,0,0,45,male,947
55,0,0,0,2,1,7,0,1,3,0,0,1,0,3,0,0,7,1,3,0,1,2,2,4,0,0,0,1,0,0,45,male,949
56,0,0,0,2,1,7,0,1,3,0,0,1,0,3,0,0,7,1,3,0,1,2,2,4,0,0,0,1,0,0,45,male,949
57,0,0,0,2,1,7,0,1,3,0,0,1,0,3,0,0,7,1,3,0,1,2,2,4,0,0,0,1,0,0,45,male,949
58,0,0,0,2,0,7,0,0,3,0,0,1,0,3,0,0,7,1,3,0,1,2,2,4,0,0,0,1,0,0,45,male,957
59,0,0,0,2,1,7,0,1,3,0,0,1,0,2,0,0,7,1,3,0,1,2,2,3,0,0,0,1,0,0,45,male,969
60,0,0,0,2,1,6,0,1,3,0,0,1,0,3,0,0,6,1,3,0,1,2,2,4,0,0,0,1,0,0,45,male,975
61,0,0,0,2,1,7,0,1,2,0,0,1,0,3,0,0,6,1,2,0,1,1,2,3,0,0,0,1,0,0,45,male,982
62,0,0,0,2,1,6,0,1,3,0,0,1,0,3,0,0,6,1,2,0,0,2,2,3,0,0,0,1,0,0,45,male,992
63,0,0,0,2,1,7,0,1,3,0,0,1,0,3,0,0,7,0,3,0,1,2,2,4,0,0,0,1,0,0,45,male,1003
64,0,0,0,2,1,6,0,1,3,0,0,1,0,2,0,0,7,1,3,0,1,2,2,4,0,0,0,1,0,0,45,male,1011
65,0,0,0,1,1,7,0,1,3,0,0,0,0,3,0,0,7,1,3,0,1,2,2,4,0,0,0,1,0,0,45,male,1044
66,0,0,0,2,1,6,0,1,2,0,0,1,0,3,0,0,6,1,2,0,1,2,2,3,0,0,0,0,0,0,45,male,116
67,3,0,0,0,0,5,0,0,2,0,0,3,0,6,2,1,8,3,5,0,0,2,0,3,1,0,3,2,0,1,65,male,1051
68,3,1,0,0,0,5,0,0,2,0,0,3,0,5,2,0,8,3,6,0,0,1,0,3,0,0,3,2,0,1,65,male,1056
69,2,1,0,0,0,5,0,0,2,0,0,3,0,6,2,1,8,3,6,0,0,1,0,3,1,0,3,2,0,0,65,male,1075
70,3,1,0,0,0,4,0,0,3,0,0,2,0,6,2,1,9,3,6,0,0,2,0,3,1,0,3,2,0,1,65,male,1078
71,2,1,0,0,0,4,0,0,3,0,0,2,0,5,2,1,9,3,6,0,0,2,0,3,1,0,2,2,0,1,65,male,1081
72,2,1,0,0,0,4,0,0,3,0,0,2,0,5,2,1,9,3,6,0,0,2,0,3,1,0,2,2,0,1,65,male,1081
73,3,1,0,0,0,5,0,0,3,0,0,3,0,5,1,1,8,3,6,0,0,2,0,3,1,0,3,2,0,1,65,male,1080
74,3,1,0,0,0,5,0,0,3,0,0,3,0,6,2,1,8,2,6,0,0,2,0,3,1,0,3,2,0,1,65,male,1085
75,3,1,0,0,0,4,0,0,3,0,0,3,0,6,2,1,8,2,6,0,0,2,0,3,1,0,3,1,0,1,65,male,1089
76,3,1,0,0,0,4,0,0,3,0,0,3,0,6,2,1,8,2,6,0,0,2,0,3,1,0,3,1,0,1,65,male,1089
77,3,1,0,0,0,5,0,0,3,0,0,3,0,5,1,1,8,3,6,0,0,2,0,2,1,0,3,2,0,1,65,male,1092
78,3,1,0,0,0,5,0,0,3,0,0,3,0,6,2,1,9,3,5,0,0,2,0,3,1,0,3,2,0,1,65,male,1095
79,3,1,0,0,0,5,0,0,3,0,0,3,0,6,2,1,8,3,5,0,0,2,0,2,1,0,3,2,0,1,65,male,1098
80,3,1,0,0,0,5,0,0,3,0,0,3,0,5,2,1,9,3,6,0,0,2,0,2,1,0,2,2,0,1,65,male,103
81,3,1,0,0,0,5,0,0,3,0,0,3,0,6,2,1,9,3,5,0,0,2,0,3,1,0,3,2,0,1,65,male,109
82,3,1,0,0,0,5,0,0,3,0,0,3,0,6,2,1,9,3,5,0,0,2,0,3,1,0,3,2,0,1,65,male,109
83,3,1,0,0,0,5,0,0,3,0,0,3,0,6,2,1,9,3,5,0,0,2,0,3,1,0,3,2,0,1,65,male,109
84,3,0,0,1,0,4,1,3,1,0,2,5,2,6,0,0,7,4,4,0,0,5,4,0,2,0,1,1,1,2,15,male,274
85,3,0,0,1,0,4,1,3,1,0,2,5,2,6,0,0,7,4,4,0,0,5,4,0,2,0,1,1,1,2,15,male,274
86,3,0,0,0,0,4,1,2,0,0,2,4,1,5,0,0,6,4,4,0,0,4,4,0,2,0,1,1,0,2,15,male,301
87,3,0,0,1,0,4,1,3,1,0,2,5,2,5,0,0,7,4,5,0,0,5,3,0,2,0,1,1,1,3,15,male,305
88,3,0,0,1,0,4,1,3,1,0,2,5,2,5,0,0,7,4,5,0,0,5,3,0,2,0,1,1,1,3,15,male,305
89,3,0,0,1,0,4,1,3,1,0,2,5,2,5,0,0,7,4,5,0,0,5,4,0,2,0,1,1,1,3,15,male,306
90,3,0,0,1,0,3,0,3,1,0,1,5,2,5,0,0,7,4,5,0,0,5,4,0,2,0,1,1,1,3,15,male,311
91,3,0,0,1,0,3,1,3,1,0,2,5,2,6,0,0,7,4,5,0,0,5,4,0,1,0,1,1,1,3,15,male,326
92,3,0,0,1,0,3,1,3,1,0,2,5,2,6,0,0,7,4,5,0,0,5,4,0,1,0,1,1,1,3,15,male,326
93,3,0,0,1,0,4,1,2,1,0,2,4,2,6,0,0,6,4,5,0,0,5,4,0,2,0,1,1,1,3,15,male,112
94,2,0,0,1,0,3,1,2,1,0,1,5,2,5,0,0,7,3,4,0,0,5,4,0,2,0,1,1,1,3,15,male,136
95,3,0,0,1,0,4,1,3,1,0,2,5,2,6,0,0,6,3,4,0,0,4,4,0,2,0,0,1,1,3,15,male,147
96,3,0,0,1,0,4,1,3,1,0,2,4,2,6,0,0,6,3,5,0,0,4,4,0,2,0,1,1,1,3,15,male,152
97,2,0,0,1,0,4,1,3,1,0,2,4,2,6,0,0,6,4,5,0,0,4,3,0,2,0,1,1,1,3,15,male,160
98,2,0,0,1,0,4,1,3,1,0,2,4,2,6,0,0,6,4,5,0,0,4,3,0,2,0,1,1,1,3,15,male,160
99,3,0,0,1,0,4,1,3,1,0,2,5,1,6,0,0,6,3,5,0,0,5,4,0,2,0,1,0,1,3,15,male,159
100,1,0,1,3,0,5,1,1,3,1,2,1,0,3,0,0,5,1,3,0,0,3,1,2,0,0,0,2,0,2,35,male,839
101,1,0,1,3,0,5,1,1,3,0,1,1,0,3,0,0,5,1,3,0,0,3,1,2,0,0,0,2,0,2,35,male,849
102,1,0,1,2,0,6,0,1,3,1,2,1,0,4,0,0,4,1,4,0,0,2,1,2,0,0,0,1,0,2,35,male,853
103,1,0,1,3,0,5,1,1,3,1,2,1,0,3,0,0,4,1,4,0,0,3,1,1,0,0,0,2,0,1,35,male,867
104,1,0,1,3,0,5,1,1,3,1,2,1,0,4,0,0,5,1,4,0,0,3,1,2,0,0,0,2,0,2,35,male,886
105,1,0,1,3,0,6,1,1,3,1,2,1,0,4,0,0,5,1,4,0,0,3,1,2,0,0,0,2,0,2,35,male,889
106,1,0,1,3,0,6,1,1,3,1,2,1,0,4,0,0,5,0,4,0,0,3,1,2,0,0,0,1,0,2,35,male,893
107,1,0,0,2,0,6,1,1,3,1,2,1,0,4,0,0,5,1,4,0,0,3,1,2,0,0,0,2,0,1,35,male,601
108,0,0,1,3,0,5,1,1,3,1,1,1,0,4,0,0,5,1,3,0,0,3,0,2,0,0,0,2,0,2,35,male,106
109,1,0,1,3,0,5,1,1,2,1,2,1,0,3,0,0,4,1,4,0,0,2,1,1,0,0,0,2,0,2,35,male,105
110,1,0,1,2,0,6,1,1,2,1,2,1,0,4,0,0,4,1,3,0,0,3,1,2,0,0,0,2,0,2,35,male,115
111,1,0,1,3,0,6,1,0,2,1,2,0,0,4,0,0,4,1,4,0,0,2,1,2,0,0,0,2,0,2,35,male,118
112,4,1,0,1,1,8,4,0,5,0,4,1,0,1,0,0,2,1,7,0,0,4,0,1,1,1,4,2,0,0,55,male,491
113,4,1,0,1,1,8,4,0,5,0,4,1,0,1,0,0,2,1,7,0,0,4,0,1,1,1,4,2,0,0,55,male,491
114,4,1,0,1,1,8,4,0,5,0,4,1,0,1,0,0,2,1,7,0,0,4,0,1,1,1,4,2,0,0,55,male,485
115,4,1,0,1,1,8,4,0,5,0,4,1,0,1,0,0,2,1,7,0,0,4,0,1,1,1,4,2,0,0,55,male,485
116,4,1,0,1,1,8,4,0,5,0,4,1,0,1,0,0,2,1,7,0,0,4,0,1,1,1,4,2,0,0,55,male,485
117,4,1,0,1,0,8,4,0,5,0,4,1,0,1,0,0,2,1,7,0,0,4,0,1,1,1,4,2,0,0,55,male,474
118,4,0,0,1,1,7,4,0,5,0,4,0,0,0,0,0,2,1,7,0,0,4,0,1,1,1,4,2,0,0,55,male,516
119,4,1,0,0,1,8,4,0,5,0,4,1,0,1,0,0,2,0,7,0,0,4,0,1,1,0,4,1,0,0,55,male,535
120,4,1,0,1,1,7,4,0,5,0,4,1,0,1,0,0,2,1,6,0,0,4,0,1,0,1,4,2,0,0,55,male,580
121,4,1,0,1,1,8,4,0,5,0,4,1,0,1,0,0,2,1,6,0,0,4,0,1,1,1,4,2,0,0,55,male,107
122,4,1,0,1,1,8,4,0,5,0,4,1,0,1,0,0,2,1,6,0,0,4,0,1,1,1,4,2,0,0,55,male,107
123,4,1,0,1,1,8,4,0,5,0,4,1,0,1,0,0,2,1,6,0,0,4,0,1,1,1,4,2,0,0,55,male,109
124,4,1,0,1,1,8,4,0,5,0,4,1,0,1,0,0,2,1,6,0,0,4,0,1,1,1,4,2,0,0,55,male,109
125,3,1,0,1,1,7,3,0,4,0,3,1,0,1,0,0,2,1,7,0,0,3,0,1,1,1,3,2,0,0,55,male,114
126,3,1,0,1,1,7,3,0,4,0,3,1,0,1,0,0,2,1,7,0,0,3,0,1,1,1,3,2,0,0,55,male,114
127,3,1,0,1,1,7,3,0,4,0,3,1,0,1,0,0,2,1,7,0,0,3,0,1,1,1,3,2,0,0,55,male,114
128,3,1,0,1,1,7,3,0,4,0,3,1,0,1,0,0,2,1,7,0,0,3,0,1,1,1,3,2,0,0,55,male,114
129,4,1,0,1,1,7,4,0,4,0,4,1,0,1,0,0,1,1,6,0,0,4,0,0,1,1,4,1,0,0,55,male,116
130,4,1,0,1,1,7,4,0,5,0,4,1,0,1,0,0,1,1,6,0,0,4,0,1,1,1,4,2,0,0,55,male,122
131,1,0,1,0,1,5,2,0,2,4,1,5,3,4,0,0,4,3,1,0,0,1,1,0,0,2,1,2,0,1,20,female,104
132,1,0,1,0,0,4,2,1,2,4,1,5,3,4,0,0,4,2,1,0,0,2,1,0,0,2,1,2,0,1,20,female,127
133,1,0,0,0,1,5,1,1,1,4,1,4,3,4,0,0,5,3,1,0,0,2,1,0,0,2,0,2,0,1,20,female,146
134,1,0,1,0,1,5,2,1,1,4,1,5,2,4,0,0,5,3,1,0,0,2,1,0,0,2,1,2,0,1,20,female,155
135,0,0,1,0,1,5,2,1,2,4,1,4,3,4,0,0,4,3,1,0,0,1,0,0,0,2,1,2,0,1,20,female,160
136,1,0,1,0,1,5,2,1,2,4,1,5,2,4,0,0,4,2,1,0,0,2,1,0,0,2,1,1,0,1,20,female,159
137,1,0,1,0,1,4,2,1,2,3,1,5,3,3,0,0,5,3,1,0,0,2,1,0,0,2,1,2,0,1,20,female,168
138,1,0,1,0,1,4,2,1,2,4,1,4,3,3,0,0,5,3,1,0,0,2,1,0,0,2,1,2,0,1,20,female,173
139,1,0,1,0,1,4,2,1,2,4,0,4,3,4,0,0,5,3,0,0,0,2,1,0,0,2,1,2,0,1,20,female,175
140,1,0,1,0,1,5,1,1,2,4,1,5,2,3,0,0,5,3,1,0,0,2,1,0,0,1,1,1,0,1,20,female,185
141,1,0,1,0,1,5,2,1,2,4,1,4,3,4,0,0,4,2,1,0,0,2,1,0,0,1,1,2,0,0,20,female,188
142,1,0,1,0,1,4,2,1,2,4,1,5,3,3,0,0,5,3,1,0,0,2,1,0,0,2,1,2,0,1,20,female,201
143,1,0,1,0,1,5,2,1,2,3,1,5,3,4,0,0,5,3,1,0,0,2,1,0,0,2,1,2,0,1,20,female,205
144,1,0,1,0,1,5,2,1,2,3,1,5,3,4,0,0,5,3,1,0,0,2,1,0,0,2,1,2,0,1,20,female,205
145,1,0,1,0,1,5,2,1,2,3,1,5,3,4,0,0,5,3,1,0,0,2,1,0,0,2,1,2,0,1,20,female,205
146,2,0,0,1,1,5,1,3,2,0,3,3,2,7,0,0,6,5,12,0,1,5,4,1,0,1,0,2,1,2,40,female,274
147,2,0,0,1,1,5,1,3,2,0,3,3,1,7,0,0,6,5,12,0,1,5,4,1,0,1,0,2,1,3,40,female,273
148,2,0,0,1,1,4,1,3,2,0,3,3,2,6,0,0,6,5,13,0,1,5,4,1,0,1,0,2,1,3,40,female,278
149,2,0,0,0,1,5,1,2,1,0,3,2,1,6,0,0,5,5,12,0,1,4,4,1,0,1,0,2,0,2,40,female,301
150,2,0,0,1,1,5,1,3,2,0,3,3,2,6,0,0,6,5,13,0,1,5,3,1,0,1,0,2,1,3,40,female,305
151,2,0,0,1,1,5,1,3,2,0,3,3,2,6,0,0,6,5,13,0,1,5,3,1,0,1,0,2,1,3,40,female,305
152,2,0,0,1,1,4,0,3,2,0,2,3,2,6,0,0,6,5,13,0,1,5,4,1,0,1,0,2,1,3,40,female,311
153,2,0,0,1,1,5,1,3,2,0,3,3,2,7,0,0,6,5,13,0,1,5,3,1,0,1,0,2,1,3,40,female,317
154,2,0,0,1,1,5,1,3,2,0,3,3,2,7,0,0,6,5,13,0,1,5,3,1,0,1,0,2,1,3,40,female,317
155,2,0,0,1,0,5,1,3,2,0,3,3,2,7,0,0,5,4,12,0,1,4,4,0,0,0,0,2,1,3,40,female,325
156,2,0,0,1,1,5,1,3,1,0,3,3,2,7,0,0,5,5,12,0,0,4,4,1,0,1,0,2,1,2,40,female,330
157,2,0,0,1,1,5,1,3,2,0,3,2,2,7,0,0,6,5,13,0,1,5,4,1,0,1,0,2,1,3,40,female,343
158,2,0,0,1,1,5,1,3,2,0,3,2,2,7,0,0,6,5,13,0,1,5,4,1,0,1,0,2,1,3,40,female,343
159,2,0,0,1,1,5,1,3,2,0,3,3,2,7,0,0,6,5,12,0,1,5,4,1,0,1,0,2,1,3,40,female,107
160,2,0,0,1,1,5,1,3,2,0,3,3,2,7,0,0,6,5,12,0,1,5,4,1,0,1,0,2,1,3,40,female,107
161,2,0,0,1,1,5,1,3,2,0,3,3,2,7,0,0,6,5,12,0,1,5,4,1,0,1,0,2,1,3,40,female,107
162,2,0,0,1,1,5,1,3,2,0,3,3,2,7,0,0,5,4,13,0,1,4,4,1,0,1,0,1,1,3,40,female,110
163,2,0,0,1,1,5,1,3,2,0,3,3,2,7,0,0,5,4,13,0,1,4,4,1,0,1,0,1,1,3,40,female,110
164,2,0,0,1,1,4,1,3,2,0,3,3,2,7,0,0,5,5,12,0,1,5,4,1,0,1,0,2,1,3,40,female,122
165,2,0,0,1,1,5,1,3,2,0,3,3,2,7,0,0,6,5,12,0,1,5,4,1,0,1,0,2,1,3,40,female,124
166,2,0,0,1,1,5,1,3,2,0,3,3,2,7,0,0,6,5,12,0,1,5,4,1,0,1,0,2,1,3,40,female,124
167,1,0,0,1,1,4,1,2,2,0,2,3,2,6,0,0,6,4,12,0,1,5,4,1,0,1,0,2,1,3,40,female,136
168,1,0,0,1,1,4,1,2,2,0,2,3,2,6,0,0,6,4,12,0,1,5,4,1,0,1,0,2,1,3,40,female,136
169,4,0,0,0,0,3,0,1,1,0,1,2,2,2,0,0,4,1,9,0,0,4,1,1,0,1,1,2,0,1,60,female,512
170,4,0,0,0,0,4,0,1,1,0,2,1,2,3,0,0,3,2,9,0,0,3,0,1,0,1,1,2,0,1,60,female,533
171,4,0,0,0,0,4,0,1,0,0,2,2,2,3,0,0,3,1,8,0,0,4,1,1,0,1,0,1,0,1,60,female,531
172,3,0,0,0,0,4,0,1,1,0,2,2,2,3,0,0,3,2,9,0,0,3,1,1,0,1,1,2,0,1,60,female,241
173,3,0,0,0,0,4,0,1,1,0,2,2,1,3,0,0,3,2,9,0,0,3,1,1,0,0,1,2,0,0,60,female,245
174,3,0,0,0,0,4,0,1,1,0,2,2,2,3,0,0,4,2,9,0,0,3,1,1,0,1,1,2,0,1,60,female,247
175,4,0,0,0,0,3,0,0,1,0,2,2,2,2,0,0,4,2,9,0,0,4,1,1,0,1,1,2,0,1,60,female,250
176,4,0,0,0,0,3,0,1,1,0,2,2,2,2,0,0,4,2,9,0,0,4,1,1,0,1,1,2,0,1,60,female,255
177,4,0,0,0,0,3,0,1,1,0,1,1,2,3,0,0,4,2,9,0,0,4,1,1,0,1,1,2,0,1,60,female,256
178,3,0,0,0,0,4,0,1,1,0,2,2,2,3,0,0,4,2,9,0,0,4,1,0,0,1,1,1,0,1,60,female,265
179,4,0,0,0,0,4,0,1,1,0,2,2,1,3,0,0,4,2,8,0,0,4,1,1,0,1,1,2,0,1,60,female,273
180,4,0,0,0,0,4,0,1,1,0,2,2,2,3,0,0,4,2,8,0,0,4,1,1,0,1,1,2,0,1,60,female,107
181,4,0,0,0,0,4,0,1,1,0,2,2,2,3,0,0,4,2,8,0,0,4,1,1,0,1,1,2,0,1,60,female,107
182,4,0,0,0,0,4,0,1,1,0,2,2,2,3,0,0,4,2,8,0,0,4,1,1,0,1,1,2,0,1,60,female,107
183,4,0,0,0,0,4,0,1,1,0,2,2,2,3,0,0,4,2,8,0,0,4,1,1,0,1,1,2,0,1,60,female,109
184,4,0,0,0,0,4,0,1,1,0,2,2,2,3,0,0,4,2,8,0,0,4,1,1,0,1,1,2,0,1,60,female,109
185,4,0,0,0,0,4,0,1,1,0,2,2,2,3,0,0,4,2,8,0,0,4,1,1,0,1,1,2,0,1,60,female,109
186,4,0,0,0,0,4,0,1,1,0,2,2,2,3,0,0,4,2,8,0,0,4,1,1,0,1,1,2,0,1,60,female,107
187,2,0,1,0,1,5,0,5,2,0,2,3,0,3,0,0,6,4,5,0,0,3,0,0,0,0,2,0,0,1,15,female,625
188,2,0,1,0,1,4,0,5,3,0,2,3,0,3,0,0,6,4,5,0,0,4,0,0,0,0,3,0,0,1,15,female,632
189,2,0,0,0,1,5,0,4,3,0,2,3,0,3,0,0,6,4,5,0,0,3,0,0,0,0,2,0,0,0,15,female,645
190,2,0,1,0,1,5,0,5,3,0,2,3,0,2,0,0,6,4,5,0,0,4,0,0,0,0,3,0,0,1,15,female,675
191,2,0,1,0,1,5,0,5,2,0,2,2,0,3,0,0,5,4,4,0,0,4,0,0,0,0,3,0,0,1,15,female,678
192,2,0,1,0,1,5,0,4,3,0,2,2,0,3,0,0,5,4,5,0,0,4,0,0,0,0,3,0,0,1,15,female,112
193,2,0,1,0,1,5,0,4,2,0,2,2,0,3,0,0,5,4,5,0,0,3,0,0,0,0,3,0,0,1,15,female,118
194,2,0,1,0,1,4,0,5,3,0,2,3,0,3,0,0,5,4,4,0,0,4,0,0,0,0,3,0,0,1,15,female,122
195,2,0,1,0,0,4,0,5,3,0,2,3,0,3,0,0,5,3,5,0,0,4,0,0,0,0,3,0,0,1,15,female,127
196,1,0,1,0,1,4,0,4,3,0,1,3,0,2,0,0,6,3,4,0,0,4,0,0,0,0,3,0,0,1,15,female,136
197,1,0,1,0,1,4,0,4,3,0,1,3,0,2,0,0,6,3,4,0,0,4,0,0,0,0,3,0,0,1,15,female,136
198,2,0,1,0,1,5,0,5,3,0,2,3,0,3,0,0,5,3,4,0,0,3,0,0,0,0,2,0,0,1,15,female,147
199,3,0,0,1,0,2,0,2,1,0,0,1,0,2,1,0,6,2,5,0,0,3,0,0,0,0,1,2,0,0,35,female,1078
200,2,0,0,1,0,2,0,2,1,0,0,1,0,1,1,0,6,2,5,0,0,3,0,0,0,0,0,2,0,0,35,female,1081
201,3,0,0,1,0,3,0,2,1,0,0,2,0,1,0,0,5,2,5,0,0,3,0,0,0,0,1,2,0,0,35,female,1080
202,3,0,0,1,0,2,0,2,1,0,0,2,0,2,1,0,5,1,5,0,0,3,0,0,0,0,1,1,0,0,35,female,1089
203,3,0,0,1,0,3,0,2,1,0,0,2,0,2,1,0,6,2,4,0,0,3,0,0,0,0,1,2,0,0,35,female,1095
204,2,0,0,1,0,3,0,2,1,0,0,2,0,2,1,0,6,2,5,0,0,3,0,0,0,0,1,2,0,0,35,female,1101
205,2,0,0,1,0,3,0,2,1,0,0,2,0,2,1,0,6,2,5,0,0,3,0,0,0,0,1,2,0,0,35,female,1101
206,3,0,0,1,0,3,0,1,1,0,0,2,0,2,1,0,5,2,5,0,0,2,0,0,0,0,1,2,0,0,35,female,104
207,3,0,0,1,0,3,0,1,1,0,0,2,0,2,1,0,5,2,5,0,0,2,0,0,0,0,1,2,0,0,35,female,104
208,3,0,0,1,0,3,0,2,1,0,0,2,0,2,1,0,6,2,4,0,0,3,0,0,0,0,1,2,0,0,35,female,107
209,3,0,0,1,0,3,0,2,1,0,0,2,0,2,1,0,6,2,4,0,0,3,0,0,0,0,1,2,0,0,35,female,107
210,3,0,0,1,0,3,0,2,1,0,0,2,0,2,1,0,5,1,5,0,0,2,0,0,0,0,1,1,0,0,35,female,110
211,3,0,0,0,0,3,0,2,0,0,0,2,0,2,1,0,5,2,4,0,0,3,0,0,0,0,1,2,0,0,35,female,115
212,3,0,0,1,0,3,0,2,1,0,0,2,0,2,1,0,6,2,4,0,0,3,0,0,0,0,1,2,0,0,35,female,124
213,1,0,0,0,0,6,1,2,2,1,2,1,0,2,0,0,7,2,7,0,1,2,1,2,0,1,1,4,0,1,55,female,842
214,1,0,0,0,0,5,1,2,3,0,1,1,1,1,0,0,8,2,6,0,1,2,1,3,0,1,1,4,1,2,55,female,849
215,1,0,0,0,0,6,1,2,3,1,2,1,1,2,0,0,8,2,7,0,1,2,1,3,0,1,1,3,1,2,55,female,852
216,1,0,0,0,0,5,1,2,3,1,2,1,1,2,0,0,7,2,7,0,1,2,1,3,0,1,1,4,1,2,55,female,854
217,1,0,0,0,0,6,1,1,3,1,2,1,1,2,0,0,7,2,7,0,0,2,0,3,0,0,1,4,1,2,55,female,857
218,1,0,0,0,0,5,1,2,3,1,2,1,1,1,0,0,7,2,7,0,1,2,1,2,0,1,1,4,1,1,55,female,867
219,1,0,0,0,0,6,1,2,3,1,2,1,1,2,0,0,8,2,7,0,1,2,1,3,0,1,1,4,1,2,55,female,889
220,1,0,0,0,0,6,1,2,3,1,2,1,1,2,0,0,8,1,7,0,1,2,1,3,0,1,1,3,1,2,55,female,893
221,1,0,0,0,0,6,1,2,3,1,2,0,1,2,0,0,8,2,7,0,1,2,1,3,0,1,1,4,1,2,55,female,896
222,1,0,0,0,0,6,1,2,3,1,2,1,1,2,0,0,7,1,7,0,1,2,1,3,0,1,1,3,1,2,55,female,901
223,1,0,0,0,0,6,1,1,3,1,2,1,1,2,0,0,7,2,7,0,1,1,1,3,0,1,1,4,1,2,55,female,104
224,1,0,0,0,0,6,1,2,3,1,2,1,1,2,0,0,8,2,6,0,1,2,1,3,0,1,1,4,1,2,55,female,107
225,1,0,0,0,0,6,1,2,3,1,2,1,1,2,0,0,8,2,6,0,1,2,1,3,0,1,1,4,1,2,55,female,107
226,1,0,0,0,0,6,1,2,3,1,2,1,1,2,0,0,8,2,6,0,1,2,1,3,0,1,1,4,1,2,55,female,109
227,1,0,0,0,0,6,1,2,3,1,2,1,1,2,0,0,8,2,6,0,1,2,1,3,0,1,1,4,1,2,55,female,109
228,1,0,0,0,0,5,1,2,2,1,2,1,1,2,0,0,7,2,6,0,1,2,1,2,0,1,1,3,1,2,55,female,116
229,0,0,0,0,0,5,0,2,2,1,1,1,1,2,0,0,8,2,7,0,1,1,1,3,0,1,0,4,1,2,55,female,114
230,1,0,0,0,0,5,1,2,3,1,2,1,1,2,0,0,7,2,6,0,1,2,1,3,0,1,1,4,1,2,55,female,122
231,2,0,0,1,0,1,1,1,1,0,0,1,0,1,0,0,4,1,3,0,0,3,2,0,0,0,1,0,0,0,23,male,139
232,2,0,0,1,0,1,1,1,1,0,0,1,0,2,0,0,3,0,2,0,0,2,2,0,0,0,0,0,0,0,23,male,147
233,1,0,0,1,0,1,1,1,1,0,0,0,0,2,0,0,3,1,3,0,0,2,1,0,0,0,1,0,0,0,23,male,160
234,2,0,0,1,0,0,1,1,1,0,0,1,0,1,0,0,4,1,3,0,0,3,2,0,0,0,1,0,0,0,23,male,161
235,2,0,0,1,0,1,1,1,1,0,0,1,0,2,0,0,4,1,2,0,0,3,1,0,0,0,1,0,0,0,23,male,195
236,2,0,0,1,0,1,1,0,1,0,0,1,0,2,0,0,3,1,3,0,0,2,2,0,0,0,1,0,0,0,23,male,104
237,1,0,0,1,0,1,0,1,1,0,0,1,0,2,0,0,4,1,3,0,0,3,2,0,0,0,1,0,0,0,23,male,113
238,2,0,0,0,0,1,1,1,0,0,0,1,0,2,0,0,3,1,2,0,0,3,2,0,0,0,1,0,0,0,23,male,115
239,3,0,0,0,0,3,0,2,2,1,1,4,2,3,0,0,3,1,2,0,0,2,2,0,0,0,0,0,0,0,25,female,104
240,3,0,0,0,0,3,0,2,2,1,1,3,2,3,0,0,3,1,2,0,0,3,2,0,0,0,0,0,0,0,25,female,112
241,3,0,0,0,0,3,0,3,2,1,1,4,2,3,0,0,4,1,1,0,0,3,2,0,0,0,0,0,0,0,25,female,124
242,2,0,0,0,0,2,0,2,2,1,0,4,2,2,0,0,4,0,1,0,0,3,2,0,0,0,0,0,0,0,25,female,136
243,3,0,0,0,0,3,0,3,1,1,1,4,1,3,0,0,4,1,2,0,0,3,2,0,0,0,0,0,0,0,25,female,155
244,3,0,0,0,0,3,0,3,1,1,1,4,1,3,0,0,4,1,2,0,0,3,2,0,0,0,0,0,0,0,25,female,155
245,2,0,0,0,0,3,0,3,2,1,1,3,2,3,0,0,3,1,2,0,0,2,1,0,0,0,0,0,0,0,25,female,160
246,2,0,0,0,0,3,0,3,2,1,1,3,2,3,0,0,3,1,2,0,0,2,1,0,0,0,0,0,0,0,25,female,160
247,3,0,0,0,0,2,0,3,2,0,1,4,2,2,0,0,4,1,2,0,0,3,2,0,0,0,0,0,0,0,25,female,168
248,3,0,0,0,0,2,0,3,2,1,1,3,2,2,0,0,4,1,2,0,0,3,2,0,0,0,0,0,0,0,25,female,173
249,0,0,3,1,0,1,0,1,6,1,1,1,1,1,0,0,8,5,4,0,1,5,0,0,0,0,0,1,0,5,21,male,330
250,0,0,3,1,0,1,0,1,6,1,1,1,1,1,0,0,8,5,4,0,1,5,0,0,0,0,0,1,0,5,21,male,330
251,0,0,3,1,0,1,0,1,7,1,1,1,1,1,0,0,8,4,5,0,2,6,0,0,0,0,0,1,0,5,21,male,367
252,0,0,3,1,0,0,0,1,7,0,1,1,1,0,0,0,9,5,5,0,2,6,0,0,0,0,0,1,0,6,21,male,415
253,0,0,3,1,0,1,0,1,7,1,1,1,1,1,0,0,9,5,4,0,2,6,0,0,0,0,0,1,0,6,21,male,418
254,0,0,3,1,0,1,0,1,7,1,1,1,1,1,0,0,9,5,4,0,2,6,0,0,0,0,0,1,0,6,21,male,418
255,0,0,2,1,0,1,0,1,6,1,1,1,1,1,0,0,8,4,5,0,2,5,0,0,0,0,0,1,0,5,21,male,433
256,0,0,2,1,0,1,0,1,6,1,1,1,1,1,0,0,8,4,5,0,2,5,0,0,0,0,0,1,0,5,21,male,433
257,0,0,2,1,0,1,0,1,6,1,1,1,1,1,0,0,8,4,5,0,2,5,0,0,0,0,0,1,0,5,21,male,433
258,0,0,3,1,0,1,0,1,6,1,0,0,0,1,0,0,8,4,5,0,2,6,0,0,0,0,0,0,0,6,21,male,439
259,0,0,3,1,0,1,0,1,7,1,1,1,1,1,0,0,9,5,5,0,2,6,0,0,0,0,0,1,0,6,21,male,440
260,0,0,3,1,0,1,0,0,7,1,1,1,1,1,0,0,8,5,5,0,2,5,0,0,0,0,0,1,0,6,21,male,104
261,0,0,3,0,0,1,0,1,6,1,1,1,1,1,0,0,8,5,4,0,2,6,0,0,0,0,0,1,0,6,21,male,115
262,0,0,0,0,0,5,0,2,1,0,1,1,0,4,0,0,2,2,3,0,1,3,2,1,0,0,1,1,0,0,20,female,332
263,0,0,0,0,1,4,0,2,1,0,0,1,0,3,0,0,2,2,4,0,1,3,2,1,0,0,0,1,0,0,20,female,335
264,0,0,0,0,1,5,0,2,1,0,1,1,0,4,0,0,2,2,4,0,0,2,2,0,0,0,1,1,0,0,20,female,339
265,0,0,0,0,1,4,0,2,1,0,1,1,0,3,0,0,2,2,3,0,1,3,2,1,0,0,1,1,0,0,20,female,341
266,0,0,0,0,1,5,0,2,1,0,1,0,0,4,0,0,2,2,4,0,1,3,2,1,0,0,1,1,0,0,20,female,343
267,0,0,0,0,1,4,0,2,1,0,1,1,0,4,0,0,2,2,4,0,1,3,2,1,0,0,1,1,0,0,20,female,342
268,0,0,0,0,1,4,0,1,1,0,1,1,0,3,0,0,2,1,3,0,1,3,2,1,0,0,1,1,0,0,20,female,344
269,0,0,0,0,1,5,0,2,0,0,1,1,0,4,0,0,1,2,4,0,1,2,1,1,0,0,1,1,0,0,20,female,362
270,0,0,0,0,1,4,0,2,1,0,1,1,0,3,0,0,2,2,4,0,1,3,1,1,0,0,1,1,0,0,20,female,363
271,0,0,0,0,1,5,0,2,1,0,1,1,0,4,0,0,2,1,3,0,1,3,2,1,0,0,1,0,0,0,20,female,364
272,0,0,0,0,1,5,0,1,1,0,1,1,0,4,0,0,1,2,4,0,1,2,2,1,0,0,1,1,0,0,20,female,104
273,1,0,1,1,1,7,0,1,3,3,0,3,0,4,0,0,5,2,1,1,0,4,0,1,0,1,0,2,0,1,27,female,392
274,1,0,1,1,1,6,0,1,3,2,0,3,0,4,0,0,5,2,1,1,0,4,0,1,0,1,0,2,0,1,27,female,397
275,1,0,1,1,1,6,0,1,3,3,0,3,0,4,0,0,4,2,0,0,0,3,0,1,0,1,0,1,0,1,27,female,399
276,1,0,1,1,1,7,0,1,3,3,0,3,0,4,0,0,5,2,1,1,0,4,0,1,0,0,0,2,0,1,27,female,402
277,1,0,1,1,1,7,0,1,3,3,0,2,0,4,0,0,4,1,1,1,0,4,0,1,0,1,0,1,0,1,27,female,409
278,1,0,1,1,1,6,0,1,3,2,0,3,0,3,0,0,5,2,1,1,0,4,0,1,0,1,0,2,0,1,27,female,415
279,1,0,1,1,1,6,0,1,3,2,0,3,0,3,0,0,5,2,1,1,0,4,0,1,0,1,0,2,0,1,27,female,415
280,1,0,0,1,1,7,0,1,2,3,0,3,0,4,0,0,4,1,1,1,0,3,0,1,0,1,0,2,0,0,27,female,433
281,1,0,1,1,1,6,0,1,3,3,0,3,0,3,0,0,5,2,1,1,0,4,0,1,0,1,0,2,0,1,27,female,437
282,1,0,1,1,0,7,0,1,3,3,0,3,0,4,0,0,5,2,1,1,0,4,0,1,0,1,0,2,0,1,27,female,436
283,0,0,1,0,1,6,0,1,2,3,0,2,0,4,0,0,5,2,1,1,0,3,0,1,0,1,0,2,0,1,27,female,102
284,1,0,1,1,1,6,0,1,2,3,0,3,0,3,0,0,4,2,1,1,0,3,0,0,0,1,0,2,0,1,27,female,105
285,1,0,1,1,1,7,0,0,3,3,0,2,0,4,0,0,4,2,1,1,0,4,0,1,0,1,0,2,0,1,27,female,112
286,2,0,0,2,0,7,0,5,1,0,1,6,1,5,0,0,5,0,2,1,0,3,1,2,0,1,1,0,0,1,22,female,212
287,2,0,0,3,0,7,0,6,1,0,1,6,1,5,0,0,5,0,2,1,0,2,1,2,0,1,1,0,0,1,22,female,210
288,2,0,0,3,0,7,0,5,1,0,1,6,1,5,0,0,5,0,2,1,0,3,1,2,0,1,1,0,0,1,22,female,215
289,2,0,0,3,0,7,0,6,0,0,1,5,1,5,0,0,4,0,2,1,0,3,1,2,0,1,1,0,0,1,22,female,219
290,1,0,0,3,0,7,0,6,1,0,1,6,1,5,0,0,4,0,1,0,0,3,1,1,0,0,1,0,0,1,22,female,222
291,2,0,0,2,0,7,0,5,1,0,1,5,0,5,0,0,4,0,2,1,0,2,1,2,0,1,1,0,0,0,22,female,224
292,2,0,0,2,0,6,0,6,1,0,1,5,1,5,0,0,5,0,2,1,0,3,1,2,0,1,1,0,0,1,22,female,242
293,2,0,0,3,0,6,0,5,1,0,1,5,1,4,0,0,5,0,2,1,0,2,1,2,0,1,1,0,0,1,22,female,244
294,1,0,0,3,0,7,0,6,1,0,1,6,1,5,0,0,4,0,2,1,0,3,0,2,0,1,1,0,0,1,22,female,243
295,2,0,0,3,0,6,0,6,1,0,1,6,1,4,0,0,5,0,1,1,0,3,1,2,0,1,1,0,0,1,22,female,248
296,2,0,0,3,0,6,0,5,1,0,1,6,1,4,0,0,5,0,2,1,0,3,1,2,0,1,1,0,0,1,22,female,250
297,2,0,0,3,0,6,0,6,1,0,1,6,1,5,0,0,5,0,2,1,0,3,1,2,0,1,1,0,0,1,22,female,251
298,2,0,0,3,0,6,0,6,1,0,1,6,1,4,0,0,5,0,2,1,0,3,1,2,0,1,1,0,0,1,22,female,255
299,2,0,0,3,0,6,0,6,1,0,0,5,1,5,0,0,5,0,2,1,0,3,1,2,0,1,1,0,0,1,22,female,256
300,2,0,0,3,0,7,0,6,1,0,1,6,1,4,0,0,5,0,2,1,0,3,1,1,0,1,0,0,0,1,22,female,103
301,2,0,0,3,0,7,0,5,1,0,1,5,1,5,0,0,4,0,2,1,0,3,1,2,0,1,1,0,0,1,22,female,112
302,1,0,0,0,0,4,0,1,0,1,1,1,1,3,0,0,1,0,4,0,0,1,0,1,0,0,0,1,0,1,24,female,261
303,1,0,0,0,0,4,0,1,0,1,1,1,1,3,0,0,1,0,4,0,0,1,0,1,0,0,0,1,0,1,24,female,266
304,0,0,0,0,0,5,0,1,0,1,1,1,1,4,0,0,1,0,5,0,0,1,0,0,0,0,0,0,0,1,24,female,265
305,1,0,0,0,0,4,0,1,0,1,1,0,1,4,0,0,1,0,4,0,0,1,0,1,0,0,0,1,0,1,24,female,269
306,1,0,0,0,0,5,0,1,0,1,1,1,1,4,0,0,1,0,4,0,0,1,0,1,0,0,0,1,0,0,24,female,274
307,1,0,0,0,0,5,0,1,0,1,1,1,0,4,0,0,1,0,4,0,0,1,0,1,0,0,0,1,0,1,24,female,273
308,1,0,0,0,0,4,0,1,0,1,0,1,1,3,0,0,1,0,5,0,0,1,0,1,0,0,0,1,0,1,24,female,293
309,1,0,0,0,0,4,0,1,0,0,1,1,1,3,0,0,1,0,5,0,0,1,0,1,0,0,0,1,0,1,24,female,291
310,1,0,0,0,0,5,0,0,0,1,1,1,1,4,0,0,0,0,5,0,0,0,0,1,0,0,0,1,0,1,24,female,104
311,1,0,0,3,0,5,1,2,4,1,1,3,1,5,0,0,2,0,1,0,0,4,1,0,1,0,0,0,1,1,27,female,294
312,1,0,0,3,0,4,1,2,4,0,1,3,1,4,0,0,3,0,1,0,0,4,1,0,1,0,0,0,1,1,27,female,297
313,1,0,0,3,0,5,1,2,3,1,1,2,1,5,0,0,2,0,1,0,0,3,1,0,1,0,0,0,1,1,27,female,302
314,1,0,0,2,0,5,1,1,3,1,1,2,0,4,0,0,2,0,0,0,0,3,1,0,1,0,0,0,0,0,27,female,301
315,1,0,0,3,0,5,1,2,4,1,1,3,1,4,0,0,3,0,1,0,0,4,0,0,1,0,0,0,1,1,27,female,305
316,1,0,0,3,0,5,1,2,4,1,1,3,1,4,0,0,3,0,1,0,0,4,1,0,1,0,0,0,1,1,27,female,306
317,1,0,0,3,0,4,0,2,4,1,0,3,1,4,0,0,3,0,1,0,0,4,1,0,1,0,0,0,1,1,27,female,311
318,1,0,0,3,0,4,1,2,4,1,1,3,1,5,0,0,3,0,1,0,0,4,1,0,0,0,0,0,1,1,27,female,326
319,1,0,0,2,0,4,1,1,3,1,1,3,1,5,0,0,3,0,1,0,0,3,1,0,1,0,0,0,1,1,27,female,329
320,0,0,0,2,0,4,1,2,3,1,1,2,1,5,0,0,3,0,1,0,0,3,1,0,1,0,0,0,1,1,27,female,102
321,1,0,0,1,0,1,0,1,2,0,0,3,0,1,0,1,4,0,0,0,0,2,0,0,0,0,1,0,0,0,22,male,217
322,1,0,0,1,0,2,0,1,2,0,0,2,0,1,0,1,5,0,0,0,0,2,0,1,0,0,2,1,0,0,22,male,218
323,1,0,0,1,0,2,0,1,1,0,0,2,0,1,0,1,4,0,0,0,0,2,0,1,0,0,2,1,0,0,22,male,219
324,1,0,0,1,0,2,0,1,2,0,0,3,0,1,0,1,4,0,0,0,0,2,0,1,0,0,2,1,0,0,22,male,220
325,1,0,0,0,0,2,0,1,2,0,0,3,0,1,0,1,5,0,0,0,0,2,0,1,0,0,2,1,0,0,22,male,226
326,1,0,0,1,0,2,0,1,2,0,0,3,0,1,0,1,5,0,0,0,0,2,0,1,0,0,2,1,0,0,22,male,235
327,0,0,0,1,0,2,0,1,2,0,0,3,0,1,0,1,4,0,0,0,0,1,0,1,0,0,2,1,0,0,22,male,241
328,1,0,0,1,0,2,0,1,1,0,0,2,0,1,0,0,4,0,0,0,0,1,0,1,0,0,1,1,0,0,22,male,249
329,1,0,0,1,0,1,0,0,2,0,0,3,0,0,0,1,5,0,0,0,0,2,0,1,0,0,2,1,0,0,22,male,253
330,1,0,0,0,0,2,1,1,1,0,0,1,0,2,0,1,3,2,1,0,0,0,0,0,0,0,0,0,0,0,25,male,262
331,2,0,0,0,0,2,1,1,1,0,1,1,0,2,0,1,3,1,1,0,0,1,0,0,0,0,0,0,0,0,25,male,263
332,2,0,0,0,0,1,1,1,1,0,1,1,0,1,0,1,4,2,0,0,0,1,0,0,0,0,0,0,0,0,25,male,266
333,2,0,0,0,0,2,1,1,0,0,1,0,0,2,0,1,3,1,1,0,0,1,0,0,0,0,0,0,0,0,25,male,271
334,2,0,0,0,0,2,1,1,1,0,1,1,0,2,0,0,3,2,1,0,0,1,0,0,0,0,0,0,0,0,25,male,270
335,2,0,0,0,0,1,1,0,1,0,1,1,0,1,0,1,4,2,1,0,0,1,0,0,0,0,0,0,0,0,25,male,289
336,1,0,0,0,0,2,0,1,1,0,1,1,0,2,0,1,4,2,1,0,0,1,0,0,0,0,0,0,0,0,25,male,113
337,1,0,0,1,0,3,1,1,2,0,0,1,0,1,0,0,0,1,1,0,0,1,1,0,2,0,0,2,0,0,20,male,306
338,1,0,0,1,0,3,1,1,2,0,0,1,0,2,0,0,0,1,1,0,0,1,0,0,2,0,0,2,0,0,20,male,313
339,1,0,0,1,0,3,1,1,2,0,0,1,0,2,0,0,0,1,0,0,0,1,1,0,2,0,0,2,0,0,20,male,319
340,1,0,0,1,0,3,1,1,1,0,0,1,0,2,0,0,0,0,1,0,0,1,1,0,2,0,0,1,0,0,20,male,323
341,1,0,0,1,0,2,1,1,2,0,0,1,0,2,0,0,0,1,1,0,0,1,1,0,1,0,0,2,0,0,20,male,326
342,1,0,0,1,0,2,1,1,2,0,0,1,0,2,0,0,0,1,1,0,0,1,1,0,1,0,0,2,0,0,20,male,326
343,1,0,0,0,0,2,1,0,1,0,0,1,0,2,0,0,0,1,1,0,0,0,1,0,2,0,0,2,0,0,20,male,329
344,1,0,0,1,0,3,1,1,2,0,0,0,0,1,0,0,0,1,1,0,0,1,1,0,2,0,0,1,0,0,20,male,327
345,0,0,0,1,0,3,0,1,2,0,0,1,0,2,0,0,0,1,1,0,0,1,1,0,2,0,0,2,0,0,20,male,113
346,1,0,0,0,0,1,0,2,0,0,1,1,0,0,0,0,4,0,1,1,0,1,0,0,1,1,0,1,0,0,30,female,450
347,1,0,0,0,0,2,0,2,0,0,1,1,0,0,0,0,4,0,1,1,0,1,0,0,1,1,0,1,0,0,30,female,454
348,1,0,0,0,0,2,0,2,0,0,1,1,0,0,0,0,4,0,1,1,0,0,0,0,1,1,0,1,0,0,30,female,458
349,0,0,0,0,0,2,0,2,0,0,0,1,0,0,0,0,4,0,1,1,0,1,0,0,1,1,0,1,0,0,30,female,457
350,1,0,0,0,0,2,0,2,0,0,1,1,0,0,0,0,3,0,1,1,0,1,0,0,1,1,0,0,0,0,30,female,470
351,1,0,0,0,0,2,0,1,0,0,1,1,0,0,0,0,3,0,1,0,0,1,0,0,1,0,0,1,0,0,30,female,478
352,1,0,0,0,0,1,0,2,0,0,1,1,0,0,0,0,3,0,0,1,0,1,0,0,0,1,0,1,0,0,30,female,484
353,1,0,0,0,0,2,0,2,0,0,1,1,0,0,0,0,4,0,1,1,0,1,0,0,1,1,0,1,0,0,30,female,485
354,1,0,0,0,0,2,0,1,0,0,1,0,0,0,0,0,3,0,1,1,0,1,0,0,1,1,0,1,0,0,30,female,112
355,1,0,0,2,0,7,0,0,1,1,2,3,0,5,0,0,3,1,2,0,0,3,3,1,0,0,1,0,0,1,33,female,502
356,1,0,0,2,0,6,0,0,1,1,2,3,0,4,0,0,3,1,2,0,0,3,4,1,0,0,1,0,0,1,33,female,503
357,1,0,0,2,0,6,0,0,1,0,3,3,0,4,0,0,3,1,2,0,0,3,4,1,0,0,1,0,0,1,33,female,505
358,1,0,0,2,0,7,0,0,1,1,3,3,0,5,0,0,3,1,2,0,0,3,4,1,0,0,1,0,0,1,33,female,509
359,1,0,0,2,0,6,0,0,1,1,2,3,0,4,0,0,3,0,2,0,0,3,4,1,0,0,1,0,0,1,33,female,512
360,1,0,0,2,0,6,0,0,1,1,3,3,0,5,0,0,3,1,2,0,0,3,4,1,0,0,1,0,0,1,33,female,515
361,1,0,0,2,0,7,0,0,1,1,3,3,0,5,0,0,3,1,2,0,0,3,3,1,0,0,1,0,0,1,33,female,518
362,1,0,0,1,0,6,0,0,1,1,3,2,0,5,0,0,2,1,1,0,0,3,4,0,0,0,0,0,0,1,33,female,520
363,1,0,0,1,0,6,0,0,0,1,3,2,0,4,0,0,2,1,2,0,0,2,4,1,0,0,1,0,0,1,33,female,522
364,1,0,0,2,0,7,0,0,1,1,3,2,0,5,0,0,2,1,2,0,0,2,3,1,0,0,1,0,0,1,33,female,533
365,0,0,0,2,0,7,0,0,1,1,3,3,0,5,0,0,3,1,1,0,0,3,3,1,0,0,1,0,0,1,33,female,532
366,1,0,0,2,0,6,0,0,1,1,3,3,0,4,0,0,3,1,2,0,0,2,4,1,0,0,1,0,0,0,33,female,111
367,3,0,1,1,0,11,1,1,4,2,4,2,0,6,0,0,5,3,3,0,0,4,1,2,0,0,4,3,0,0,32,female,536
368,3,0,1,1,0,11,1,1,4,2,3,2,0,6,0,0,5,3,3,0,0,4,1,2,0,0,4,3,0,0,32,female,539
369,3,0,1,1,0,11,1,1,4,2,4,2,0,5,0,0,5,3,3,0,0,4,1,2,0,0,4,2,0,0,32,female,540
370,3,0,1,1,0,12,1,1,3,2,4,2,0,6,0,0,4,3,2,0,0,4,1,1,0,0,3,3,0,0,32,female,541
371,3,0,1,1,0,11,1,1,4,2,3,2,0,5,0,0,5,3,2,0,0,4,0,2,0,0,4,3,0,0,32,female,542
372,3,0,1,1,0,11,1,1,3,2,4,2,0,6,0,0,4,3,3,0,0,3,1,2,0,0,4,3,0,0,32,female,548
373,3,0,1,1,0,11,1,1,4,1,4,1,0,5,0,0,5,3,3,0,0,4,1,2,0,0,4,3,0,0,32,female,550
374,3,0,0,0,0,11,1,0,4,2,4,2,0,5,0,0,5,2,3,0,0,3,1,2,0,0,3,3,0,0,32,female,553
375,3,0,1,1,0,11,1,1,4,2,4,2,0,6,0,0,5,3,3,0,0,4,1,2,0,0,3,3,0,0,32,female,555
376,3,0,1,1,0,12,1,1,4,2,4,2,0,6,0,0,5,3,3,0,0,4,1,2,0,0,4,3,0,0,32,female,560
377,2,0,1,1,0,12,1,1,4,2,4,1,0,6,0,0,4,3,3,0,0,4,1,2,0,0,4,3,0,0,32,female,563
378,3,0,1,1,0,11,1,1,4,1,4,2,0,5,0,0,5,2,3,0,0,4,1,2,0,0,4,3,0,0,32,female,568
379,2,0,1,1,0,11,1,1,4,2,3,2,0,5,0,0,5,3,3,0,0,4,1,2,0,0,4,3,0,0,32,female,567
380,3,0,1,1,0,12,1,1,4,2,4,2,0,6,0,0,4,2,3,0,0,3,1,2,0,0,4,2,0,0,32,female,110
381,2,0,1,1,0,11,0,1,3,2,3,2,0,6,0,0,5,3,3,0,0,3,1,2,0,0,3,3,0,0,32,female,114
382,3,0,1,1,0,11,1,1,3,2,4,2,0,6,0,0,4,3,2,0,0,4,1,1,0,0,4,2,0,0,32,female,116
383,1,0,0,0,1,2,2,2,1,0,0,0,0,2,0,0,6,1,0,0,0,3,0,0,0,1,0,2,1,1,29,male,457
384,2,0,0,0,0,1,1,2,1,0,1,0,0,2,0,0,6,1,0,0,0,2,0,0,0,0,0,2,1,1,29,male,463
385,2,0,0,0,1,2,2,2,1,0,1,0,0,2,0,0,5,1,0,0,0,3,0,0,0,1,0,2,1,1,29,male,466
386,2,0,0,0,1,2,2,2,1,0,1,0,0,2,0,0,5,1,0,0,0,3,0,0,0,1,0,1,1,1,29,male,470
387,2,0,0,0,1,2,2,2,1,0,1,0,0,2,0,0,5,0,0,0,0,3,0,0,0,1,0,2,0,1,29,male,468
388,2,0,0,0,1,1,2,2,1,0,1,0,0,2,0,0,5,1,0,0,0,2,0,0,0,1,0,2,1,1,29,male,479
389,2,0,0,0,1,2,2,2,1,0,1,0,0,1,0,0,6,1,0,0,0,3,0,0,0,1,0,1,1,1,29,male,482
390,2,0,0,0,1,2,2,2,1,0,1,0,0,2,0,0,6,1,0,0,0,3,0,0,0,1,0,2,1,1,29,male,485
391,2,0,0,0,1,2,2,2,1,0,1,0,0,2,0,0,6,1,0,0,0,3,0,0,0,1,0,2,1,1,29,male,491
392,2,0,0,0,1,2,2,1,0,0,1,0,0,1,0,0,5,1,0,0,0,3,0,0,0,1,0,2,1,0,29,male,494
393,2,0,0,0,1,2,2,1,1,0,1,0,0,2,0,0,5,1,0,0,0,2,0,0,0,1,0,2,1,1,29,male,104
394,1,0,0,0,1,2,1,2,1,0,1,0,0,2,0,0,6,1,0,0,0,3,0,0,0,1,0,2,1,1,29,male,113
395,2,0,0,3,1,6,0,1,2,1,1,5,0,3,0,0,5,1,4,1,0,5,3,2,0,0,1,0,1,0,36,male,502
396,2,0,0,3,0,5,0,1,2,1,2,5,0,2,0,0,4,1,4,0,0,4,4,2,0,0,1,0,0,0,36,male,501
397,2,0,0,3,1,5,0,1,2,0,2,5,0,2,0,0,5,1,4,1,0,5,4,2,0,0,1,0,1,0,36,male,505
398,2,0,0,3,1,6,0,1,2,1,2,5,0,3,0,0,5,1,4,1,0,5,4,2,0,0,1,0,1,0,36,male,509
399,2,0,0,3,1,6,0,1,2,1,2,4,0,3,0,0,5,1,3,1,0,5,4,2,0,0,1,0,1,0,36,male,507
400,2,0,0,3,1,6,0,1,2,1,2,5,0,3,0,0,5,1,4,1,0,5,4,2,0,0,1,0,1,0,36,male,510
401,2,0,0,2,1,5,0,1,2,1,2,4,0,3,0,0,4,1,3,1,0,5,4,1,0,0,0,0,1,0,36,male,520
402,2,0,0,3,1,6,0,0,2,1,2,5,0,3,0,0,5,1,3,1,0,5,3,1,0,0,1,0,1,0,36,male,519
403,2,0,0,3,1,6,0,1,2,1,2,5,0,3,0,0,4,0,4,1,0,4,4,2,0,0,1,0,1,0,36,male,523
404,2,0,0,2,1,5,0,1,1,1,2,4,0,2,0,0,4,1,4,1,0,4,4,2,0,0,1,0,1,0,36,male,522
405,2,0,0,3,1,6,0,1,2,1,2,4,0,3,0,0,4,1,4,1,0,4,3,2,0,0,1,0,1,0,36,male,533
406,1,0,0,2,1,5,0,1,1,1,2,4,0,3,0,0,5,1,4,1,0,4,4,2,0,0,1,0,1,0,36,male,102
407,1,0,0,3,1,5,0,1,2,1,1,5,0,3,0,0,5,1,3,1,0,5,3,2,0,0,1,0,1,0,36,male,106
408,3,0,1,1,0,7,0,2,1,2,1,3,0,2,0,2,5,1,5,1,0,2,2,2,0,0,2,1,1,1,31,male,535
409,3,0,1,2,0,6,0,2,1,1,1,3,0,1,0,2,5,2,5,1,0,2,2,2,0,1,2,2,1,1,31,male,537
410,3,0,1,2,0,7,0,2,0,2,1,3,0,2,0,2,4,2,4,1,0,2,2,1,0,1,1,2,1,1,31,male,541
411,3,0,1,2,0,6,0,2,1,2,1,3,0,2,0,1,5,2,5,1,0,2,2,2,0,1,2,1,0,1,31,male,545
412,3,0,1,2,0,7,0,2,1,2,1,2,0,2,0,1,4,2,4,1,0,2,2,2,0,1,2,2,1,0,31,male,544
413,3,0,1,2,0,7,0,2,1,1,1,3,0,2,0,2,5,2,5,1,0,2,1,2,0,1,2,2,1,1,31,male,547
414,3,0,1,2,0,6,0,2,1,2,1,3,0,2,0,2,4,2,5,1,0,2,2,2,0,1,2,2,1,1,31,male,549
415,3,0,1,2,0,7,0,2,1,2,1,3,0,2,0,2,4,2,5,0,0,1,2,1,0,1,2,2,1,1,31,male,551
416,3,0,0,1,0,6,0,1,1,2,1,3,0,1,0,2,5,1,5,1,0,1,2,2,0,1,1,2,1,1,31,male,553
417,3,0,1,2,0,6,0,1,1,2,1,3,0,2,0,2,5,2,5,1,0,2,2,2,0,1,2,2,1,1,31,male,556
418,3,0,1,2,0,7,0,2,1,2,1,3,0,2,0,2,5,2,5,1,0,2,2,2,0,1,2,2,1,1,31,male,560
419,2,0,1,2,0,7,0,2,1,2,1,2,0,2,0,2,4,2,5,1,0,2,2,2,0,1,2,2,1,1,31,male,563
420,2,0,1,2,0,6,0,2,1,2,0,3,0,2,0,2,5,2,4,1,0,2,1,2,0,1,2,2,1,1,31,male,106
421,3,0,1,2,0,7,0,2,1,2,1,3,0,2,0,2,5,2,4,1,0,2,2,2,0,1,2,2,1,1,31,male,109
422,2,0,1,2,0,6,0,2,1,2,1,2,0,2,0,2,5,2,4,1,0,2,2,2,0,1,2,2,1,1,31,male,108
423,2,0,0,0,0,8,1,5,0,1,1,3,0,6,1,0,4,0,5,2,0,2,0,1,1,0,0,1,1,2,19,male,570
424,2,0,0,1,0,8,1,5,0,1,1,3,0,7,1,0,4,0,5,2,0,2,0,1,1,0,0,1,1,2,19,male,572
425,2,0,0,1,0,8,1,5,0,1,1,3,0,7,1,0,3,0,6,2,0,1,0,1,1,0,0,1,1,2,19,male,575
426,2,0,0,1,0,7,1,5,0,1,1,3,0,7,1,0,4,0,5,2,0,2,0,1,0,0,0,1,1,2,19,male,580
427,2,0,0,1,0,7,1,5,0,1,1,2,0,7,1,0,4,0,6,2,0,2,0,1,1,0,0,0,1,2,19,male,586
428,1,0,0,1,0,7,1,4,0,1,0,3,0,6,1,0,4,0,6,2,0,2,0,1,1,0,0,1,1,2,19,male,590
429,2,0,0,1,0,7,1,4,0,1,1,3,0,6,1,0,3,0,6,1,0,2,0,1,1,0,0,1,0,2,19,male,588
430,2,0,0,1,0,7,1,5,0,1,1,3,0,6,1,0,4,0,5,2,0,2,0,1,1,0,0,1,1,2,19,male,595
431,2,0,0,1,0,8,1,4,0,1,1,3,0,7,1,0,3,0,6,2,0,2,0,1,1,0,0,1,1,1,19,male,594
432,2,0,0,1,0,7,1,5,0,1,1,3,0,7,1,0,4,0,5,1,0,2,0,0,1,0,0,1,1,2,19,male,605
433,2,0,0,1,0,8,1,5,0,1,1,3,0,6,0,0,4,0,6,2,0,1,0,1,1,0,0,1,1,2,19,male,608
434,2,0,0,1,0,8,1,5,0,1,1,2,0,7,1,0,4,0,5,2,0,2,0,1,1,0,0,1,1,2,19,male,610
435,2,0,0,1,0,7,1,5,0,0,1,3,0,6,1,0,4,0,6,2,0,2,0,1,1,0,0,1,1,2,19,male,615
436,2,0,0,1,0,7,1,4,0,1,1,3,0,6,1,0,4,0,6,2,0,2,0,1,1,0,0,1,1,1,19,male,616
437,2,0,0,1,0,8,1,4,0,1,1,2,0,7,1,0,3,0,6,2,0,2,0,1,1,0,0,1,1,2,19,male,112
438,1,0,0,1,0,8,0,5,0,1,1,3,0,7,1,0,4,0,6,2,0,2,0,1,1,0,0,1,1,2,19,male,113
439,0,1,1,1,0,0,0,1,1,0,1,0,1,1,1,0,2,1,4,0,1,3,0,2,0,0,3,0,0,2,44,male,622
440,0,0,1,1,0,0,0,1,1,0,1,0,1,2,1,0,3,1,5,0,1,4,0,2,0,0,3,1,0,3,44,male,623
441,0,1,1,1,0,0,0,1,0,0,1,0,1,2,1,0,3,1,5,0,1,3,0,2,0,0,3,1,0,3,44,male,625
442,0,1,1,1,0,0,0,1,1,0,1,0,1,2,1,0,3,1,5,0,1,4,0,2,0,0,4,1,0,3,44,male,626
443,0,1,1,0,0,0,0,1,1,0,1,0,1,1,0,0,3,1,4,0,1,4,0,1,0,0,4,1,0,3,44,male,629
444,0,1,1,1,0,0,0,1,1,0,1,0,1,2,1,0,3,1,5,0,0,4,0,2,0,0,4,1,0,3,44,male,628
445,0,1,1,1,0,0,0,1,1,0,0,0,1,2,1,0,2,0,5,0,1,4,0,2,0,0,4,1,0,3,44,male,635
446,0,1,1,1,0,0,0,1,1,0,1,0,1,2,1,0,2,1,4,0,1,4,0,1,0,0,4,1,0,3,44,male,647
447,0,1,0,1,0,0,0,0,1,0,1,0,1,2,1,0,3,1,5,0,1,3,0,2,0,0,3,1,0,2,44,male,645
448,0,1,1,1,0,0,0,1,1,0,1,0,0,2,1,0,3,1,4,0,1,3,0,2,0,0,4,1,0,2,44,male,652
449,0,1,1,1,0,0,0,1,1,0,1,0,1,2,1,0,3,1,4,0,1,4,0,2,0,0,4,1,0,3,44,male,109
450,0,0,0,0,0,3,0,0,2,1,2,4,1,1,0,2,3,2,3,0,0,0,1,0,0,0,1,1,0,1,25,male,656
451,1,0,0,0,0,3,0,0,1,1,2,4,1,1,0,2,2,1,3,0,0,0,1,0,0,0,1,1,0,1,25,male,659
452,1,0,0,0,0,3,0,0,2,1,2,3,1,1,0,2,3,2,3,0,0,0,1,0,0,0,1,1,0,1,25,male,665
453,1,0,0,0,0,3,0,0,2,1,2,4,1,1,0,2,3,2,3,0,0,0,0,0,0,0,1,1,0,1,25,male,668
454,1,0,0,0,0,2,0,0,2,1,2,3,1,1,0,2,3,2,3,0,0,0,1,0,0,0,1,0,0,1,25,male,667
455,1,0,0,0,0,3,0,0,2,1,2,4,1,1,0,2,2,2,3,0,0,0,1,0,0,0,0,1,0,1,25,male,672
456,1,0,0,0,0,3,0,0,2,1,2,4,1,0,0,2,3,2,3,0,0,0,1,0,0,0,1,1,0,1,25,male,675
457,1,0,0,0,0,2,0,0,2,0,1,3,1,1,0,2,3,2,2,0,0,0,1,0,0,0,1,1,0,1,25,male,677
458,1,0,0,0,0,2,0,0,2,1,1,3,1,1,0,2,3,2,2,0,0,0,1,0,0,0,1,1,0,1,25,male,679
459,1,0,0,0,0,3,0,0,1,1,2,4,0,1,0,2,3,2,3,0,0,0,1,0,0,0,1,1,0,1,25,male,686
460,1,0,0,0,0,3,0,0,2,1,2,4,1,1,0,1,2,1,3,0,0,0,1,0,0,0,1,1,0,1,25,male,689
461,1,0,0,0,0,3,0,0,2,1,2,4,1,1,0,1,3,2,3,0,0,0,1,0,0,0,1,1,0,0,25,male,687
462,1,0,0,0,0,3,0,0,2,1,2,4,1,1,0,2,3,2,2,0,0,0,1,0,0,0,1,1,0,1,25,male,109
463,2,0,0,0,0,5,0,2,0,2,1,2,1,6,1,0,6,2,3,1,0,5,0,1,2,1,0,1,0,1,18,female,572
464,2,0,0,0,0,5,0,2,0,2,1,2,1,6,1,0,5,2,4,1,0,4,0,1,2,1,0,1,0,1,18,female,575
465,2,0,0,0,0,4,0,2,0,2,1,2,0,5,1,0,5,2,4,1,0,5,0,1,2,1,0,1,0,1,18,female,573
466,2,0,0,0,0,5,0,2,0,2,1,2,1,6,1,0,5,1,4,0,0,4,0,1,2,1,0,0,0,1,18,female,578
467,2,0,0,0,0,4,0,2,0,2,1,2,1,6,1,0,6,2,3,1,0,5,0,1,1,1,0,1,0,1,18,female,580
468,2,0,0,0,0,5,0,2,0,2,1,2,1,6,1,0,5,2,4,1,0,4,0,0,1,0,0,1,0,0,18,female,579
469,2,0,0,0,0,5,0,2,0,2,1,2,1,6,1,0,5,2,3,1,0,5,0,1,2,1,0,1,0,1,18,female,581
470,2,0,0,0,0,5,0,2,0,2,1,1,1,5,1,0,6,2,3,1,0,5,0,1,2,1,0,1,0,1,18,female,583
471,1,0,0,0,0,4,0,1,0,2,0,2,1,5,1,0,6,2,4,1,0,5,0,1,2,1,0,1,0,1,18,female,590
472,2,0,0,0,0,4,0,2,0,1,1,2,1,5,1,0,6,2,4,1,0,5,0,1,2,1,0,1,0,1,18,female,589
473,2,0,0,0,0,5,0,2,0,2,1,2,1,5,0,0,6,2,4,1,0,4,0,1,2,1,0,1,0,1,18,female,608
474,1,0,0,0,0,5,0,2,0,2,1,2,1,6,1,0,6,2,4,1,0,5,0,1,2,1,0,1,0,1,18,female,611
475,2,0,0,0,0,5,0,2,0,2,1,1,1,6,1,0,6,1,4,1,0,5,0,1,2,1,0,1,0,1,18,female,612
476,2,0,0,0,0,4,0,2,0,1,1,2,1,5,1,0,6,2,4,1,0,5,0,1,2,1,0,1,0,1,18,female,615
477,2,0,0,0,0,5,0,1,0,2,1,2,1,6,1,0,5,2,4,1,0,4,0,1,2,1,0,1,0,1,18,female,104
478,0,1,2,0,0,3,0,1,1,0,1,1,1,2,0,0,3,1,2,0,1,5,0,3,0,0,5,0,0,3,38,female,618
479,0,0,2,0,0,4,0,1,1,0,1,1,1,3,0,0,3,1,2,0,1,5,0,3,0,0,4,0,0,3,38,female,623
480,0,1,2,0,0,4,0,1,0,0,1,1,1,3,0,0,3,1,2,0,1,4,0,3,0,0,4,0,0,3,38,female,625
481,0,1,2,0,0,3,0,1,1,0,0,1,1,3,0,0,3,1,2,0,1,5,0,3,0,0,5,0,0,3,38,female,624
482,0,1,2,0,0,4,0,1,1,0,1,0,1,3,0,0,2,1,2,0,1,4,0,3,0,0,5,0,0,3,38,female,627
483,0,1,2,0,0,4,0,1,1,0,1,1,1,3,0,0,3,1,2,0,1,5,0,3,0,0,5,0,0,3,38,female,631
484,0,1,2,0,0,3,0,1,1,0,1,1,1,3,0,0,3,0,2,0,1,5,0,3,0,0,5,0,0,3,38,female,637
485,0,1,2,0,0,4,0,1,1,0,1,1,1,2,0,0,3,1,2,0,1,4,0,3,0,0,4,0,0,3,38,female,641
486,0,1,1,0,0,3,0,1,1,0,1,1,1,3,0,0,2,1,2,0,0,5,0,2,0,0,5,0,0,2,38,female,643
487,0,1,1,0,0,4,0,0,1,0,1,1,1,3,0,0,3,1,2,0,1,4,0,3,0,0,4,0,0,2,38,female,645
488,0,1,2,0,0,4,0,1,1,0,1,1,1,3,0,0,2,1,1,0,1,5,0,2,0,0,5,0,0,3,38,female,647
489,0,1,2,0,0,4,0,1,1,0,1,1,0,3,0,0,3,1,1,0,1,4,0,3,0,0,5,0,0,2,38,female,652
490,0,1,2,0,0,4,0,1,1,0,1,1,1,2,0,0,3,1,2,0,1,5,0,2,0,0,4,0,0,3,38,female,103
491,2,0,1,0,0,2,0,2,1,1,1,4,1,2,0,1,4,1,3,1,0,2,0,1,2,0,1,2,0,3,40,female,659
492,2,0,1,0,0,2,0,2,2,1,1,4,1,2,0,1,4,2,2,1,0,2,0,0,1,0,1,2,0,2,40,female,658
493,2,0,1,0,0,2,0,2,2,1,1,3,1,2,0,1,5,2,3,1,0,2,0,1,2,0,1,2,0,3,40,female,665
494,2,0,1,0,0,2,0,2,2,1,1,4,1,2,0,1,5,2,3,1,0,2,0,1,2,0,0,1,0,3,40,female,669
495,1,0,1,0,0,2,0,2,1,1,1,4,0,2,0,1,4,1,3,1,0,2,0,1,2,0,1,1,0,3,40,female,674
496,2,0,1,0,0,1,0,2,2,0,0,3,1,2,0,1,5,2,2,1,0,2,0,1,2,0,1,2,0,3,40,female,677
497,2,0,1,0,0,2,0,2,2,1,1,4,1,2,0,1,4,2,3,0,0,1,0,1,2,0,1,2,0,3,40,female,676
498,2,0,1,0,0,2,0,2,2,1,1,4,1,1,0,1,5,2,3,1,0,2,0,1,2,0,1,2,0,3,40,female,675
499,2,0,1,0,0,2,0,2,2,1,1,3,1,2,0,1,5,2,3,1,0,2,0,1,1,0,1,2,0,3,40,female,681
500,2,0,1,0,0,2,0,2,2,1,1,4,1,2,0,0,5,2,3,1,0,2,0,1,2,0,1,2,0,2,40,female,687
501,1,0,0,0,0,2,0,2,2,1,1,4,1,2,0,1,5,2,2,1,0,1,0,1,2,0,1,2,0,2,40,female,697
502,2,0,1,0,0,1,0,1,2,1,1,4,1,1,0,1,5,2,3,1,0,2,0,1,2,0,1,2,0,3,40,female,699
503,2,0,1,0,0,2,0,1,2,1,1,3,1,2,0,1,4,2,3,1,0,2,0,1,2,0,1,2,0,3,40,female,112
504,1,0,1,3,0,6,0,2,1,0,1,3,1,4,2,1,5,2,8,0,1,1,0,1,0,3,1,1,1,2,29,female,692
505,1,0,1,3,0,6,0,2,1,0,1,4,0,4,2,0,5,1,8,0,1,1,0,1,0,3,1,1,1,3,29,female,693
506,1,0,1,3,0,5,0,2,1,0,1,3,1,3,2,1,5,2,8,0,1,1,0,1,0,3,1,1,1,3,29,female,698
507,0,0,0,3,0,6,0,2,1,0,1,4,1,4,2,1,5,2,7,0,1,0,0,1,0,3,1,1,1,2,29,female,697
508,1,0,1,3,0,5,0,2,1,0,1,4,1,4,2,1,5,2,8,0,1,1,0,1,0,3,1,1,1,3,29,female,700
509,1,0,1,3,0,6,0,2,1,0,1,4,1,3,1,1,5,2,7,0,1,1,0,1,0,2,1,1,1,3,29,female,703
510,1,0,1,2,0,5,0,2,1,0,1,4,1,4,2,1,4,2,7,0,1,1,0,1,0,3,1,1,0,3,29,female,713
511,1,0,1,2,0,6,0,1,1,0,1,4,1,4,2,1,4,2,7,0,1,1,0,1,0,3,1,1,1,2,29,female,715
512,1,0,1,3,0,5,0,2,0,0,1,4,1,4,2,1,4,2,7,0,1,1,0,0,0,3,1,1,1,3,29,female,720
513,1,0,1,3,0,6,0,2,1,0,1,3,1,4,2,1,5,1,8,0,1,1,0,1,0,2,1,0,1,3,29,female,722
514,1,0,1,3,0,5,0,2,1,0,1,4,1,4,2,1,5,2,7,0,0,1,0,1,0,3,0,1,1,3,29,female,725
515,1,0,1,2,0,6,0,2,1,0,1,4,1,4,2,1,5,2,7,0,1,1,0,1,0,3,1,1,1,3,29,female,728
516,1,0,1,3,0,6,0,2,1,0,1,4,1,3,1,1,5,2,7,0,1,1,0,1,0,3,1,1,1,3,29,female,732
517,1,0,1,3,0,6,0,2,1,0,1,4,1,4,2,1,5,2,8,0,1,1,0,1,0,3,1,1,1,3,29,female,736
518,1,0,1,3,0,5,0,2,1,0,0,4,1,3,2,1,4,2,8,0,1,1,0,1,0,2,1,1,1,3,29,female,737
519,1,0,1,3,0,6,0,1,1,0,1,3,1,4,2,1,4,2,8,0,1,1,0,1,0,3,1,1,1,3,29,female,112
520,0,0,0,0,0,4,0,1,1,0,0,0,0,4,0,1,1,0,3,0,0,1,0,0,0,0,0,0,0,0,28,female,738
521,0,0,0,0,0,4,0,1,1,1,0,0,0,4,0,1,1,0,2,0,0,1,0,0,0,0,0,0,0,0,28,female,739
522,0,0,0,0,0,4,0,1,1,1,0,0,0,4,0,1,1,0,3,0,0,1,0,0,0,0,0,0,0,0,28,female,740
523,0,0,0,0,0,5,0,1,1,1,0,0,0,5,0,1,1,0,3,0,0,1,0,0,0,0,0,0,0,0,28,female,742
524,0,0,0,0,0,4,0,1,1,1,0,0,0,4,0,1,1,0,2,0,0,1,0,0,0,0,0,0,0,0,28,female,741
525,0,0,0,0,0,5,0,1,0,1,0,0,0,4,0,1,1,0,3,0,0,1,0,0,0,0,0,0,0,0,28,female,746
526,0,0,0,0,0,4,0,1,1,1,0,0,0,5,0,1,1,0,3,0,0,1,0,0,0,0,0,0,0,0,28,female,749
527,0,0,0,0,0,5,0,1,1,1,0,0,0,5,0,0,1,0,2,0,0,1,0,0,0,0,0,0,0,0,28,female,747
528,0,0,0,0,0,5,0,0,1,1,0,0,0,5,0,1,0,0,3,0,0,0,0,0,0,0,0,0,0,0,28,female,104
529,0,0,0,0,0,3,1,1,1,0,1,0,0,3,0,1,7,1,2,0,0,3,0,2,1,1,3,3,0,1,38,female,751
530,0,0,0,1,0,3,1,2,1,0,1,0,0,3,0,1,7,0,3,0,0,3,0,2,1,1,3,2,1,1,38,female,754
531,0,0,0,1,0,3,1,2,1,0,1,0,0,3,0,1,8,1,3,0,0,3,0,2,1,1,3,3,1,1,38,female,760
532,0,0,0,1,0,3,0,2,1,0,1,0,0,3,0,1,7,1,2,0,0,3,0,2,1,1,3,3,1,1,38,female,764
533,0,0,0,1,0,3,1,2,1,0,1,0,0,2,0,0,7,1,3,0,0,3,0,2,1,1,2,2,1,1,38,female,766
534,0,0,0,1,0,2,1,2,1,0,1,0,0,3,0,1,7,1,3,0,0,2,0,1,0,1,3,3,1,1,38,female,768
535,0,0,0,1,0,3,1,1,1,0,1,0,0,3,0,1,8,1,3,0,0,3,0,2,1,1,2,3,1,1,38,female,770
536,0,0,0,1,0,3,1,2,0,0,1,0,0,3,0,1,7,1,3,0,0,3,0,2,1,1,3,3,1,1,38,female,776
537,0,0,0,1,0,2,1,2,1,0,1,0,0,2,0,1,7,1,3,0,0,2,0,1,1,1,3,3,1,0,38,female,779
538,0,0,0,1,0,2,1,2,1,0,0,0,0,2,0,1,8,1,3,0,0,3,0,2,1,1,3,3,1,1,38,female,781
539,0,0,0,1,0,3,1,2,1,0,1,0,0,3,0,1,8,1,2,0,0,3,0,2,1,0,2,3,1,1,38,female,780
540,0,0,0,1,0,3,1,2,1,0,1,0,0,3,0,1,7,1,3,0,0,2,0,2,1,1,3,2,1,1,38,female,785
541,2,0,0,0,0,1,0,1,0,1,4,1,1,2,0,0,2,1,4,1,0,2,1,1,0,0,1,3,0,0,48,female,787
542,2,0,0,0,0,2,0,2,0,1,3,1,1,3,0,0,2,0,5,1,0,3,1,1,0,0,2,2,0,0,48,female,790
543,2,0,0,0,0,2,0,2,0,1,4,1,1,2,0,0,2,1,5,1,0,3,1,1,0,0,2,3,0,0,48,female,789
544,2,0,0,0,0,2,0,2,0,1,3,1,0,3,0,0,1,1,5,1,0,2,1,1,0,0,2,2,0,0,48,female,792
545,1,0,0,0,0,2,0,2,0,1,3,1,1,3,0,0,2,1,4,0,0,2,1,1,0,0,1,2,0,0,48,female,797
546,1,0,0,0,0,2,0,2,0,1,4,1,1,3,0,0,2,1,4,1,0,3,1,1,0,0,2,3,0,0,48,female,798
547,2,0,0,0,0,2,0,2,0,1,3,1,1,3,0,0,1,1,4,1,0,3,0,0,0,0,2,3,0,0,48,female,805
548,2,0,0,0,0,1,0,1,0,0,4,0,1,2,0,0,2,1,5,1,0,3,1,1,0,0,2,3,0,0,48,female,807
549,2,0,0,0,0,2,0,2,0,1,4,1,1,3,0,0,2,1,4,1,0,3,1,1,0,0,2,3,0,0,48,female,109
550,0,0,1,1,0,1,0,0,2,0,1,2,0,3,0,0,4,1,3,2,0,3,0,0,0,1,0,1,1,2,32,female,811
551,0,0,1,1,0,2,0,0,2,0,1,2,0,3,0,0,4,1,3,2,0,2,0,0,0,1,0,1,1,1,32,female,814
552,0,0,1,1,0,1,0,0,2,0,1,2,0,2,0,0,3,1,2,1,0,3,0,0,0,1,0,1,1,2,32,female,817
553,0,0,1,1,0,2,0,0,2,0,1,2,0,3,0,0,3,1,2,2,0,3,0,0,0,0,0,1,0,2,32,female,820
554,0,0,0,1,0,2,0,0,2,0,1,2,0,2,0,0,4,1,3,2,0,2,0,0,0,1,0,1,1,2,32,female,824
555,0,0,1,1,0,2,0,0,1,0,1,1,0,3,0,0,3,1,3,2,0,2,0,0,0,1,0,1,1,1,32,female,825
556,0,0,1,1,0,2,0,0,2,0,0,1,0,2,0,0,4,0,3,1,0,3,0,0,0,1,0,0,1,2,32,female,833
557,0,0,1,0,0,2,0,0,1,0,1,2,0,3,0,0,3,1,2,2,0,3,0,0,0,1,0,1,1,2,32,female,115
558,0,0,0,1,0,3,0,2,0,0,0,0,0,5,0,0,3,0,1,1,1,1,1,0,0,1,1,0,0,1,18,female,834
559,0,0,0,1,0,2,0,2,0,0,0,0,0,5,0,0,4,0,0,1,1,1,1,0,0,1,1,0,0,2,18,female,839
560,0,0,0,0,0,2,0,2,0,0,0,0,0,5,0,0,4,0,1,0,1,1,1,0,0,1,1,0,0,1,18,female,838
561,0,0,0,1,0,3,0,2,0,0,0,0,0,5,0,0,4,0,1,1,1,1,1,0,0,1,1,0,0,2,18,female,841
562,0,0,0,1,0,3,0,2,0,0,0,0,0,5,0,0,4,0,1,1,1,1,1,0,0,1,1,0,0,2,18,female,843
563,0,0,0,1,0,2,0,2,0,0,0,0,0,6,0,0,3,0,1,1,1,1,1,0,0,1,1,0,0,2,18,female,854
564,0,0,0,1,0,3,0,2,0,0,0,0,0,5,0,0,4,0,1,1,1,1,1,0,0,1,0,0,0,2,18,female,855
565,0,0,0,1,0,3,0,1,0,0,0,0,0,6,0,0,3,0,1,1,0,1,0,0,0,0,1,0,0,2,18,female,857
566,0,0,0,1,0,3,0,1,0,0,0,0,0,6,0,0,3,0,1,1,1,0,1,0,0,1,1,0,0,2,18,female,104
567,0,0,0,0,0,2,1,2,0,0,0,1,0,1,0,0,3,1,0,0,0,1,0,1,0,0,1,1,0,2,26,female,860
568,0,0,0,0,0,3,0,2,0,1,1,1,0,1,0,0,3,1,0,0,0,0,0,1,0,0,1,1,0,2,26,female,862
569,0,0,0,0,0,2,1,1,0,1,1,1,0,1,0,0,3,1,0,0,0,1,0,1,0,0,0,1,0,1,26,female,866
570,0,0,0,0,0,3,1,2,0,1,1,1,0,1,0,0,2,0,0,0,0,1,0,1,0,0,1,0,0,2,26,female,868
571,0,0,0,0,0,2,1,2,0,1,1,1,0,0,0,0,2,1,0,0,0,1,0,0,0,0,1,1,0,1,26,female,867
572,0,0,0,0,0,3,1,1,0,1,1,0,0,1,0,0,2,1,0,0,0,1,0,1,0,0,1,1,0,2,26,female,112
573,1,0,1,0,0,4,0,1,1,0,0,0,0,4,0,0,2,1,1,0,0,2,2,0,0,0,2,1,0,0,35,female,871
574,1,0,0,0,0,4,0,1,1,1,0,0,0,4,0,0,2,1,1,0,0,1,2,0,0,0,1,1,0,0,35,female,870
575,1,0,1,0,0,4,0,0,1,1,0,0,0,4,0,0,2,1,1,0,0,2,1,0,0,0,2,1,0,0,35,female,874
576,0,0,1,0,0,5,0,1,1,1,0,0,0,5,0,0,2,1,1,0,0,2,1,0,0,0,2,1,0,0,35,female,877
577,1,0,1,0,0,5,0,1,1,1,0,0,0,4,0,0,1,1,0,0,0,1,2,0,0,0,2,1,0,0,35,female,880
578,1,0,1,0,0,4,0,1,1,1,0,0,0,4,0,0,2,1,1,0,0,2,2,0,0,0,2,1,0,0,35,female,883
579,1,0,1,0,0,4,0,1,1,1,0,0,0,5,0,0,2,1,1,0,0,2,2,0,0,0,2,1,0,0,35,female,886
580,1,0,1,0,0,5,0,1,1,1,0,0,0,5,0,0,2,1,1,0,0,2,2,0,0,0,2,1,0,0,35,female,889
581,1,0,1,0,0,5,0,1,0,1,0,0,0,5,0,0,1,1,1,0,0,2,2,0,0,0,1,1,0,0,35,female,892
582,1,0,1,0,0,5,0,1,1,1,0,0,0,5,0,0,2,0,1,0,0,2,2,0,0,0,2,0,0,0,35,female,893
583,1,0,1,0,0,1,0,1,0,0,0,0,0,2,1,0,2,0,4,0,0,3,0,0,0,2,1,0,0,1,25,male,691
584,1,0,1,1,0,2,0,1,0,0,0,0,0,2,1,0,2,0,4,0,0,2,0,0,0,2,1,0,0,2,25,male,690
585,0,0,0,1,0,2,0,1,0,0,0,0,0,2,1,0,3,0,4,0,0,2,0,0,0,2,1,0,0,1,25,male,697
586,1,0,1,1,0,1,0,0,0,0,0,0,0,1,1,0,3,0,5,0,0,3,0,0,0,2,1,0,0,2,25,male,699
587,1,0,1,1,0,2,0,1,0,0,0,0,0,1,0,0,3,0,4,0,0,3,0,0,0,1,1,0,0,2,25,male,703
588,1,0,1,1,0,2,0,1,0,0,0,0,0,2,1,0,2,0,4,0,0,2,0,0,0,1,0,0,0,2,25,male,712
589,0,0,0,0,0,4,1,1,0,2,1,0,0,2,0,0,1,0,1,0,0,1,0,1,0,0,1,2,0,2,28,male,824
590,0,0,1,0,0,3,1,1,0,1,1,0,0,3,0,0,1,0,1,0,0,2,0,1,0,0,1,1,0,2,28,male,835
591,0,0,1,0,0,3,1,1,0,1,0,0,0,2,0,0,1,0,0,0,0,2,0,1,0,0,1,2,0,2,28,male,849
592,0,0,1,0,0,4,1,1,0,2,1,0,0,3,0,0,1,0,1,0,0,2,0,1,0,0,1,1,0,2,28,male,852
593,0,0,1,0,0,4,0,1,0,2,1,0,0,3,0,0,1,0,1,0,0,1,0,1,0,0,1,2,0,2,28,male,862
594,0,0,1,0,0,3,1,0,0,2,1,0,0,3,0,0,1,0,1,0,0,2,0,1,0,0,0,2,0,1,28,male,866
595,0,0,1,0,0,3,1,1,0,2,1,0,0,2,0,0,0,0,1,0,0,2,0,0,0,0,1,2,0,1,28,male,867
596,0,0,2,1,1,1,2,0,2,0,0,0,0,3,0,0,4,0,2,1,0,3,1,0,0,0,0,0,1,1,37,male,913
597,0,0,1,2,1,2,1,0,1,1,0,0,0,3,0,0,3,0,2,1,0,2,0,0,0,0,0,0,1,1,37,male,920
598,0,0,2,2,1,1,2,0,2,1,0,0,0,2,0,0,3,0,1,0,0,3,1,0,0,0,0,0,1,1,37,male,817
599,0,0,2,2,0,2,2,0,2,1,0,0,0,3,0,0,4,0,2,1,0,2,1,0,0,0,0,0,1,1,37,male,819
600,0,0,1,2,1,2,2,0,2,1,0,0,0,2,0,0,4,0,2,1,0,2,1,0,0,0,0,0,1,1,37,male,824
601,0,0,2,1,1,2,2,0,1,1,0,0,0,3,0,0,3,0,1,1,0,3,1,0,0,0,0,0,1,1,37,male,115
602,0,0,2,2,1,2,1,0,2,1,0,0,0,2,0,0,3,0,2,1,0,3,1,0,0,0,0,0,0,0,37,male,125
603,0,0,0,0,0,3,1,1,0,0,1,1,0,5,0,1,4,0,1,0,0,2,0,2,0,0,0,1,0,1,41,male,766
604,0,0,0,0,0,2,0,1,0,0,1,1,0,6,0,1,4,0,1,0,0,2,0,2,0,0,1,1,0,1,41,male,769
605,0,0,0,0,0,3,1,1,0,0,1,1,0,5,0,2,5,0,0,0,0,2,0,2,0,0,1,2,0,1,41,male,774
606,0,0,0,0,0,2,1,1,0,0,1,1,0,5,0,2,4,0,1,0,0,1,0,1,0,0,1,2,0,0,41,male,779
607,0,0,0,0,0,2,1,1,0,0,0,1,0,5,0,2,5,0,1,0,0,2,0,2,0,0,1,2,0,1,41,male,781
608,0,0,0,0,0,3,1,1,0,0,1,1,0,6,0,2,4,0,1,0,0,1,0,1,0,0,1,2,0,1,41,male,788
609,0,0,0,0,0,3,1,1,0,0,1,1,0,5,0,2,5,0,1,0,0,2,0,2,0,0,1,2,0,1,41,male,789
610,0,0,0,0,0,3,1,1,0,0,1,1,0,5,0,2,5,0,1,0,0,2,0,2,0,0,1,2,0,1,41,male,789
611,0,0,0,0,0,3,1,0,0,0,1,0,0,6,0,2,4,0,1,0,0,2,0,2,0,0,1,2,0,1,41,male,112
612,1,0,0,0,0,1,1,0,1,0,0,0,0,1,0,0,2,1,0,0,0,2,0,1,0,0,0,1,0,0,50,male,103
613,1,0,0,0,0,0,1,0,0,0,0,0,0,1,0,0,1,1,0,0,0,1,0,1,0,0,1,1,0,0,50,male,105
614,1,0,0,0,0,1,1,0,1,0,0,0,0,2,0,0,1,0,0,0,0,1,0,2,0,0,1,0,0,0,50,male,110
615,0,0,0,0,0,1,0,0,1,0,0,0,0,2,0,0,2,1,0,0,0,2,0,2,0,0,1,1,0,0,50,male,113
616,1,0,0,0,0,1,1,1,2,0,1,1,0,0,0,0,1,0,1,0,0,2,0,0,0,0,1,0,0,0,55,male,115
617,0,0,0,1,0,0,0,1,2,0,0,1,0,0,0,0,2,0,2,0,0,1,0,0,0,0,0,0,0,0,55,male,114
618,1,0,0,1,0,1,1,0,2,0,1,0,0,0,0,0,1,0,2,0,0,1,0,0,0,0,1,0,0,0,55,male,118
619,1,0,0,1,0,1,1,1,3,0,1,1,0,0,0,0,2,0,2,0,0,2,0,0,0,0,1,0,0,0,55,male,123
620,1,0,0,1,0,1,1,1,3,0,1,1,0,0,0,0,2,0,1,0,0,2,0,0,0,0,1,0,0,0,55,male,124
621,0,0,0,0,0,2,0,0,1,0,0,0,0,0,0,0,3,0,0,0,0,1,0,1,0,0,1,2,0,1,53,male,129
622,0,0,0,0,0,1,0,0,0,0,0,0,0,1,1,0,3,0,0,0,0,1,0,1,0,0,1,1,0,1,53,male,131
623,0,0,0,0,0,1,0,0,1,0,0,0,0,1,1,0,3,0,0,0,0,2,0,1,0,0,0,1,0,2,53,male,134
624,0,0,0,0,0,2,0,0,1,0,0,0,0,1,1,0,3,0,0,0,0,2,0,0,0,0,1,2,0,2,53,male,132
625,0,0,0,0,0,2,0,0,1,0,0,0,0,1,1,0,4,0,0,0,0,2,0,1,0,0,1,2,0,2,53,male,135
626,0,0,0,1,0,0,1,0,1,0,0,0,0,0,0,0,1,0,1,0,0,0,0,1,0,0,0,0,0,1,48,male,139
627,0,0,0,1,0,0,1,0,0,0,0,0,0,1,0,0,1,0,1,0,0,0,0,1,0,0,0,0,0,1,48,male,142
628,0,0,0,0,0,0,1,0,1,0,0,0,0,1,0,0,1,0,1,0,0,0,0,1,0,0,0,0,0,1,48,male,145
629,0,0,0,1,0,0,0,0,1,0,0,0,0,1,0,0,0,0,0,0,0,0,0,0,0,0,0,0,0,0,48,male,149
630,1,0,0,0,0,1,0,0,1,0,0,1,0,0,0,0,2,1,0,0,0,1,1,0,0,0,0,2,0,1,57,male,151
631,1,0,0,0,0,2,0,0,0,0,0,2,0,0,0,0,1,1,0,0,0,1,1,0,0,0,0,1,0,0,57,male,156
632,1,0,0,0,0,1,0,0,1,0,0,2,0,0,0,0,2,0,0,0,0,1,1,0,0,0,0,1,0,1,57,male,158
633,0,0,0,0,0,2,0,0,1,0,0,1,0,0,0,0,1,1,0,0,0,0,0,0,0,0,0,2,0,1,57,male,160
634,0,0,0,0,0,0,0,0,1,0,1,2,0,1,0,0,2,1,1,1,0,1,0,0,0,0,0,1,0,1,60,male,822
635,0,0,0,0,0,0,0,0,0,0,1,1,0,1,0,0,2,1,1,1,0,1,0,0,0,0,0,1,0,0,60,male,825
636,0,0,0,0,0,0,0,0,1,0,1,2,0,1,0,0,2,1,0,1,0,2,0,0,0,0,0,1,0,1,60,male,831
637,0,0,0,0,0,0,0,0,1,0,0,1,0,0,0,0,3,0,1,0,0,2,0,0,0,0,0,0,0,1,60,male,833
638,0,0,0,1,1,1,0,0,0,0,0,0,0,0,0,0,2,1,0,0,0,0,0,0,3,0,0,1,0,2,54,male,175
639,0,0,0,1,0,2,0,0,0,0,1,1,0,0,0,0,1,1,1,0,0,0,0,0,2,0,0,1,0,2,54,male,177
640,0,0,0,0,1,1,0,0,0,0,1,1,0,0,0,0,2,0,1,0,0,0,0,0,2,0,0,0,0,1,54,male,183
641,0,0,0,1,1,2,0,0,0,0,1,1,0,0,0,0,1,1,1,0,0,0,0,0,2,0,0,1,0,1,54,male,184
642,0,0,0,1,0,2,0,0,2,0,2,1,0,2,1,0,1,1,2,0,0,2,2,1,0,0,0,2,0,2,55,male,186
643,0,0,0,0,0,2,0,0,1,0,2,1,0,2,1,0,2,1,3,0,0,2,2,1,0,0,0,2,0,2,55,male,187
644,0,0,0,1,0,1,0,0,2,0,2,1,0,1,1,0,2,0,3,0,0,2,1,1,0,0,0,2,0,3,55,male,189
645,0,0,0,1,0,2,0,0,1,0,1,1,0,1,0,0,1,1,2,0,0,1,2,0,0,0,0,1,0,2,55,male,192
646,0,0,0,1,0,1,0,0,2,0,1,0,0,2,1,0,2,1,3,0,0,1,2,1,0,0,0,1,0,3,55,male,193
647,0,0,0,1,0,2,0,0,2,0,2,1,0,2,1,0,2,1,2,0,0,2,1,1,0,0,0,2,0,3,55,male,195
648,1,0,0,0,0,1,0,0,0,0,0,0,0,1,0,0,1,1,0,0,0,0,0,0,0,0,0,1,0,0,51,male,199
649,0,0,0,0,0,0,0,0,0,0,0,0,0,1,0,0,1,1,0,0,0,0,0,0,0,0,0,2,0,0,51,male,203
650,1,0,0,0,0,1,0,0,0,0,0,0,0,0,0,0,1,1,0,0,0,0,0,0,0,0,0,2,0,0,51,male,206
651,1,0,0,0,0,1,0,0,0,0,0,0,0,1,0,0,0,0,0,0,0,0,0,0,0,0,0,1,0,0,51,male,208
652,0,0,0,0,0,1,0,0,1,0,0,1,0,0,0,0,3,0,0,1,1,0,0,1,0,0,1,1,0,0,45,male,211
653,0,0,0,0,0,1,0,0,1,0,0,1,0,0,0,0,2,0,0,0,0,0,0,1,0,0,1,1,0,0,45,male,214
654,0,0,0,0,0,0,0,0,1,0,0,1,0,0,0,0,2,0,0,1,1,0,0,0,0,0,0,0,0,0,45,male,217
655,0,0,0,0,0,1,0,0,0,0,0,0,0,0,0,0,2,0,0,1,1,0,0,1,0,0,1,1,0,0,45,male,219
656,0,0,0,0,0,1,0,0,0,0,0,0,0,0,0,0,0,0,2,0,0,1,0,0,0,0,0,1,0,1,47,male,222
657,1,0,0,0,0,0,0,0,0,0,0,0,0,0,0,0,1,0,3,1,0,0,0,1,0,1,0,0,0,0,47,male,227
658,1,0,0,0,0,1,0,0,0,0,0,0,0,0,0,0,1,0,2,1,0,1,0,1,0,1,0,1,0,1,47,male,229
659,1,0,0,0,0,1,0,0,0,0,0,0,0,0,0,0,1,0,2,1,0,1,0,1,0,1,0,1,0,1,47,male,233
660,1,0,0,1,0,1,0,0,0,0,0,1,1,0,0,0,1,0,0,0,0,1,0,0,0,1,0,0,0,1,57,male,241
661,2,0,0,0,0,0,0,0,0,0,0,0,1,0,0,0,2,0,0,0,0,2,0,0,0,1,0,0,0,1,57,male,242
662,1,0,0,1,0,1,0,0,0,0,0,1,0,0,0,0,1,0,0,0,0,1,0,0,0,0,0,0,0,0,57,male,245
663,0,0,0,0,0,2,0,0,1,0,0,1,0,2,0,1,1,0,0,0,0,1,0,0,0,0,1,0,0,0,58,male,247
664,1,0,0,0,0,2,0,0,0,0,0,0,0,2,0,0,0,0,0,0,0,1,0,0,0,0,0,0,0,0,58,male,249
665,1,0,0,0,0,1,0,0,1,0,0,1,0,1,0,1,1,0,0,0,0,2,0,0,0,0,1,0,0,0,58,male,255
666,1,0,0,0,0,1,0,0,1,0,0,1,0,1,0,1,1,0,0,0,0,2,0,0,0,0,1,0,0,0,58,male,255
667,0,0,0,0,0,1,0,0,0,0,0,0,0,1,0,0,1,1,2,0,0,0,0,0,0,0,0,0,0,0,53,male,262
668,1,0,0,0,0,1,0,0,0,0,1,0,0,1,0,0,1,0,2,0,0,1,0,0,0,0,0,0,0,0,53,male,263
669,1,0,0,0,0,0,0,0,0,0,1,0,0,0,0,0,2,1,1,0,0,1,0,0,0,0,0,0,0,0,53,male,266
670,1,0,0,0,0,1,0,0,0,0,1,0,0,1,0,0,2,1,1,0,0,1,0,0,0,0,0,0,0,0,53,male,109
671,1,0,0,0,0,2,0,0,0,0,0,2,0,0,0,0,0,1,1,0,0,0,0,0,0,0,0,1,0,0,57,male,271
672,1,0,0,0,0,1,0,0,1,0,0,2,0,0,0,0,1,1,1,0,0,0,0,0,0,0,0,0,0,0,57,male,277
673,0,0,0,0,0,1,0,0,1,0,0,2,0,0,0,0,1,2,0,0,0,0,0,0,0,0,0,1,0,0,57,male,108
674,0,0,0,0,0,1,0,0,1,0,0,0,0,1,0,0,3,3,1,0,0,3,1,0,0,0,0,2,0,0,66,male,294
675,0,0,0,0,0,1,0,0,1,0,0,0,0,0,0,0,4,3,1,0,0,3,0,0,0,0,0,2,0,0,66,male,305
676,0,0,0,0,0,0,0,0,0,0,0,0,0,1,0,0,3,2,1,0,0,2,1,0,0,0,0,2,0,0,66,male,303
677,0,0,0,0,0,1,0,0,1,0,0,0,0,1,0,0,4,3,0,0,0,3,1,0,0,0,0,2,0,0,66,male,109
678,0,0,0,0,0,1,0,0,1,0,0,0,0,1,0,0,3,2,1,0,0,2,1,0,0,0,0,1,0,0,66,male,110
679,0,0,0,0,0,1,0,0,1,0,0,0,0,1,0,0,3,2,1,0,0,2,1,0,0,0,0,1,0,0,66,male,110
680,0,0,0,0,0,2,0,1,0,0,0,0,0,2,0,0,2,1,1,0,0,0,1,1,0,0,1,1,0,0,62,male,283
681,0,0,0,0,0,2,0,1,1,0,0,0,0,2,0,0,1,0,2,0,0,0,1,1,0,0,1,0,0,0,62,male,284
682,0,0,0,0,0,1,0,1,1,0,0,0,0,2,0,0,1,1,1,0,0,0,1,1,0,0,1,1,0,0,62,male,286
683,0,0,0,0,0,1,0,0,1,0,0,0,0,1,0,0,2,1,2,0,0,0,1,1,0,0,1,1,0,0,62,male,289
684,0,0,0,0,0,2,0,1,1,0,0,0,0,2,0,0,2,1,2,0,0,0,0,1,0,0,1,1,0,0,62,male,292
685,0,0,0,0,0,2,0,1,1,0,0,0,0,1,0,0,2,1,2,0,0,0,1,0,0,0,0,1,0,0,62,male,103
686,1,0,0,0,0,2,1,0,1,0,1,0,0,1,0,0,0,0,1,0,0,1,0,0,0,0,1,0,0,0,63,male,306
687,1,0,0,0,0,2,1,0,1,0,1,0,0,2,0,0,0,0,1,0,0,1,0,0,0,0,1,0,0,0,63,male,310
688,1,0,0,0,0,1,1,0,1,0,1,0,0,1,0,0,0,0,1,0,0,1,0,0,0,0,1,0,0,0,63,male,316
689,1,0,0,0,0,2,1,0,1,0,1,0,0,2,0,0,0,0,0,0,0,1,0,0,0,0,1,0,0,0,63,male,109
690,0,0,0,0,0,1,0,0,0,0,0,0,0,2,0,0,0,0,1,0,0,0,0,0,0,0,0,0,0,0,63,male,114
691,0,0,0,1,0,3,0,2,1,0,0,1,0,0,0,0,1,0,0,0,0,2,0,0,2,0,0,0,0,0,56,male,319
692,0,0,0,1,0,3,0,2,1,0,0,0,0,0,0,0,1,0,1,0,0,2,0,0,2,0,0,0,0,0,56,male,320
693,0,0,0,1,0,2,0,2,1,0,0,1,0,0,0,0,1,0,1,0,0,2,0,0,1,0,0,0,0,0,56,male,326
694,0,0,0,1,0,2,0,2,1,0,0,1,0,0,0,0,1,0,1,0,0,2,0,0,1,0,0,0,0,0,56,male,326
695,0,0,0,0,0,2,0,1,0,0,0,1,0,0,0,0,1,0,1,0,0,1,0,0,2,0,0,0,0,0,56,male,329
696,0,0,0,1,0,3,0,1,1,0,0,1,0,0,0,0,0,0,1,0,0,1,0,0,2,0,0,0,0,0,56,male,104
697,0,0,0,0,0,0,0,0,0,0,1,1,0,1,0,0,0,0,1,0,2,2,0,2,0,0,0,1,0,0,64,male,330
698,0,0,0,0,0,0,0,0,1,0,0,1,0,0,0,0,1,0,1,0,3,3,0,2,0,0,0,0,0,1,64,male,337
699,0,0,0,0,0,0,0,0,1,0,1,1,0,1,0,0,1,0,2,0,2,2,0,1,0,0,0,1,0,1,64,male,339
700,0,0,0,0,0,0,0,0,1,0,1,1,0,1,0,0,1,0,2,0,2,2,0,1,0,0,0,1,0,1,64,male,339
701,0,0,0,0,0,0,0,0,1,0,1,0,0,1,0,0,1,0,2,0,3,3,0,2,0,0,0,1,0,1,64,male,340
702,0,0,0,0,0,1,0,1,1,0,0,0,0,1,0,0,2,0,2,0,0,2,0,1,0,0,0,0,0,0,55,female,104
703,0,0,0,0,0,1,0,1,1,0,0,0,0,1,0,0,2,0,2,0,0,2,0,1,0,0,0,0,0,0,55,female,104
704,0,0,0,0,0,0,0,2,0,0,0,0,0,0,0,0,2,0,2,0,0,2,0,0,0,0,0,0,0,0,55,female,105
705,0,0,0,0,0,1,0,2,1,0,0,0,0,1,0,0,3,0,1,0,0,3,0,1,0,0,0,0,0,0,55,female,109
706,0,0,0,0,0,1,0,2,1,0,0,0,0,1,0,0,3,0,1,0,0,3,0,1,0,0,0,0,0,0,55,female,109
707,0,0,0,0,0,4,1,0,3,0,0,0,2,2,0,0,2,2,0,0,0,1,2,1,0,0,1,2,0,0,65,female,356
708,0,0,0,0,0,4,1,0,2,0,0,0,1,2,0,0,2,1,1,0,0,2,2,2,0,0,1,1,0,0,65,female,357
709,0,0,0,0,0,4,1,0,2,0,0,0,1,2,0,0,2,1,1,0,0,2,2,2,0,0,1,1,0,0,65,female,357
710,0,0,0,0,0,5,0,0,2,0,0,0,2,2,0,0,3,2,1,0,0,1,2,1,0,0,0,2,0,0,65,female,361
711,0,0,0,0,0,4,1,0,3,0,0,0,2,1,0,0,3,2,1,0,0,2,1,2,0,0,1,2,0,0,65,female,363
712,0,0,0,0,0,4,1,0,3,0,0,0,2,1,0,0,3,2,1,0,0,2,1,2,0,0,1,2,0,0,65,female,363
713,0,0,0,0,0,2,0,0,0,0,0,0,0,4,0,2,2,0,3,0,0,4,0,4,0,0,0,4,2,0,61,female,367
714,0,0,0,0,0,1,0,0,0,0,0,0,0,3,0,2,3,1,2,0,0,3,0,3,0,0,0,3,2,1,61,female,369
715,0,0,0,0,0,1,0,0,0,0,0,0,0,3,0,2,3,1,2,0,0,3,0,3,0,0,0,3,2,1,61,female,369
716,0,0,0,0,0,2,0,0,0,0,0,0,0,4,0,2,3,1,2,0,0,4,0,4,0,0,0,4,2,1,61,female,374
717,0,0,0,0,0,2,0,0,0,0,0,0,0,3,0,1,2,1,3,0,0,3,0,3,0,0,0,3,1,1,61,female,376
718,0,0,0,0,0,2,0,0,0,0,0,0,0,3,0,1,2,1,3,0,0,3,0,3,0,0,0,3,1,1,61,female,376
719,2,0,0,0,0,3,0,0,0,0,0,2,0,1,0,0,0,0,2,0,0,1,0,0,0,0,0,0,0,1,64,female,109
720,1,0,0,0,0,2,0,0,0,0,0,1,0,1,0,0,0,0,2,0,0,1,0,0,0,0,0,0,0,1,64,female,108
721,1,0,0,0,0,2,0,0,0,0,0,1,0,1,0,0,0,0,2,0,0,1,0,0,0,0,0,0,0,1,64,female,108
722,2,0,0,0,0,2,0,0,0,0,0,2,0,0,0,0,0,0,3,0,0,0,0,0,0,0,0,0,0,0,64,female,111
723,0,0,0,0,0,2,0,0,1,0,0,0,0,1,0,0,2,1,2,2,0,2,0,1,0,0,0,2,1,1,56,female,390
724,0,0,0,0,0,2,0,0,1,0,0,1,0,1,0,0,2,1,2,3,0,2,0,1,0,0,0,3,1,1,56,female,392
725,0,0,0,0,0,2,0,0,0,0,0,1,0,1,0,0,2,1,2,3,0,2,0,1,0,0,0,3,1,1,56,female,395
726,0,0,0,0,0,2,0,0,1,0,0,1,0,0,0,0,2,0,2,3,0,2,0,1,0,0,0,2,0,1,56,female,396
727,0,0,0,0,0,1,0,0,1,0,0,1,0,1,0,0,1,1,1,2,0,1,0,1,0,0,0,2,1,1,56,female,399
728,0,0,0,0,0,1,0,0,1,0,0,1,0,1,0,0,1,1,1,2,0,1,0,0,0,0,0,3,1,0,56,female,401
729,0,0,0,0,0,2,0,0,0,0,0,1,1,0,0,1,3,2,0,0,0,0,0,0,1,0,0,1,0,0,55,female,402
730,0,0,0,0,0,1,0,0,0,0,0,1,1,0,0,1,3,2,0,0,0,0,0,0,1,1,0,1,0,0,55,female,407
731,0,0,0,0,0,2,0,0,0,0,0,1,0,0,0,0,2,1,0,0,0,0,0,0,1,1,0,1,0,0,55,female,408
732,0,0,0,0,0,2,0,0,0,0,0,0,1,0,0,1,2,1,0,0,0,0,0,0,1,1,0,0,0,0,55,female,409
733,0,0,0,0,0,1,0,0,0,0,0,1,1,0,0,1,2,2,0,0,0,0,0,0,0,1,0,1,0,0,55,female,412
734,0,0,0,0,0,0,0,0,0,0,0,0,0,0,0,0,0,0,0,0,0,0,0,0,0,0,0,0,0,0,53,female,414
735,0,0,0,0,0,0,0,0,0,0,0,0,0,0,0,0,0,0,0,0,0,0,0,0,0,0,0,0,0,0,53,female,423
736,0,0,0,0,0,0,0,0,0,0,0,0,0,0,0,0,0,0,0,0,0,0,0,0,0,0,0,0,0,0,53,female,423
737,0,0,0,0,0,0,0,0,0,0,0,0,0,0,0,0,2,2,1,0,0,2,0,0,0,0,0,2,0,0,45,female,109
738,0,0,0,0,0,0,0,0,0,0,0,0,0,0,0,0,2,2,1,0,0,2,0,0,0,0,0,2,0,0,45,female,109
739,0,0,0,0,0,0,0,0,0,0,0,0,0,0,0,0,1,1,2,0,0,1,0,0,0,0,0,1,0,0,45,female,110
740,0,0,0,0,0,0,0,0,0,0,0,0,0,0,0,0,1,1,2,0,0,1,0,0,0,0,0,1,0,0,45,female,110
741,0,0,0,0,0,1,0,0,0,0,1,0,0,1,0,0,1,0,0,0,0,0,0,0,0,1,1,2,1,0,48,female,440
742,0,0,0,0,0,1,0,0,0,0,1,0,0,1,0,0,1,0,0,0,0,0,0,0,0,1,1,2,1,0,48,female,440
743,0,0,0,0,0,1,0,0,0,0,1,0,0,0,0,0,1,0,0,0,0,0,0,0,0,1,1,2,0,0,48,female,438
744,0,0,0,0,0,0,0,0,0,0,1,0,0,1,0,0,0,0,0,0,0,0,0,0,0,0,1,1,1,0,48,female,442
745,0,0,0,0,0,1,0,0,0,0,0,0,0,1,0,0,1,0,0,0,0,0,0,0,0,1,0,1,1,0,48,female,441
746,2,0,0,2,0,2,3,0,0,0,1,0,0,0,0,2,0,1,1,0,0,2,0,2,0,0,0,0,0,0,57,female,450
747,2,0,0,1,0,2,2,0,0,0,1,0,0,0,0,1,0,1,1,0,0,1,0,1,0,0,0,0,0,0,57,female,451
748,2,0,0,1,0,2,2,0,0,0,1,0,0,0,0,1,0,1,1,0,0,1,0,1,0,0,0,0,0,0,57,female,451
749,1,0,0,2,0,3,3,0,0,0,0,0,0,0,0,2,0,1,1,0,0,2,0,2,0,0,0,0,0,0,57,female,457
750,1,0,0,2,0,3,2,0,0,0,1,0,0,0,0,2,0,0,0,0,0,2,0,2,0,0,0,0,0,0,57,female,459
751,0,0,0,0,1,1,0,0,1,0,1,0,0,0,0,0,4,1,0,0,0,1,0,0,0,1,0,0,0,1,58,female,464
752,0,0,0,0,1,1,0,0,1,0,1,0,0,0,0,0,3,1,0,0,0,1,1,0,0,1,0,0,0,1,58,female,466
753,0,0,0,0,1,1,0,0,1,0,1,0,0,0,0,0,3,1,0,0,0,1,1,0,0,1,0,0,0,1,58,female,466
754,0,0,0,0,0,1,0,0,0,0,1,0,0,0,0,0,3,1,0,0,0,1,1,0,0,1,0,0,0,1,58,female,467
755,0,0,0,0,1,0,0,0,1,0,0,0,0,0,0,0,3,0,0,0,0,0,1,0,0,0,0,0,0,0,58,female,471
756,0,0,0,0,0,2,0,1,0,0,0,0,0,0,0,0,3,1,1,0,0,2,0,0,1,0,0,0,1,0,57,female,474
757,0,0,0,0,1,2,0,0,0,0,0,0,0,0,0,0,2,0,1,0,0,1,0,0,1,0,0,0,0,0,57,female,476
758,0,0,0,0,1,1,0,1,0,0,0,0,0,0,0,0,2,1,1,0,0,1,0,0,1,0,0,0,1,0,57,female,479
759,0,0,0,0,1,1,0,1,0,0,0,0,0,0,0,0,2,1,0,0,0,2,0,0,0,0,0,0,1,0,57,female,484
760,0,0,1,0,0,1,0,0,2,0,0,0,0,0,0,1,1,0,1,0,1,1,0,0,0,0,0,0,0,1,63,female,494
761,0,0,0,0,0,0,0,1,2,0,0,0,0,1,0,1,2,0,1,0,1,1,0,0,0,0,0,0,0,2,63,female,493
762,0,0,1,0,0,1,0,1,2,0,0,0,0,1,0,0,1,0,0,0,0,0,0,0,0,0,0,0,0,1,63,female,492
763,0,0,0,0,0,1,0,0,0,1,0,1,0,1,0,0,0,0,1,0,0,0,0,0,0,0,0,0,0,0,55,female,499
764,0,0,0,0,0,1,0,0,0,0,0,2,0,0,0,1,1,0,2,0,0,1,0,0,0,0,0,1,0,0,55,female,505
765,0,0,0,0,0,2,0,0,0,1,0,2,0,1,0,1,1,0,2,0,0,1,0,0,0,0,0,1,0,0,55,female,509
766,0,0,0,0,0,2,0,0,0,1,0,1,0,1,0,1,1,0,1,0,0,1,0,0,0,0,0,1,0,0,55,female,507
767,0,0,0,0,0,1,0,0,0,0,0,0,0,0,0,0,0,0,2,0,0,0,0,0,0,1,0,0,0,0,59,female,693
768,0,0,0,0,0,1,0,0,0,0,0,0,1,0,0,1,0,1,1,0,0,0,0,0,0,0,0,0,0,0,59,female,694
769,0,0,0,0,0,0,0,0,0,0,0,0,1,0,0,1,0,1,2,0,0,0,0,0,0,1,0,0,0,0,59,female,700
770,0,0,0,0,0,1,0,0,0,0,0,0,1,0,0,1,0,1,1,0,0,0,0,0,0,1,0,0,0,0,59,female,109
771,2,0,0,1,0,2,1,0,2,0,0,1,0,1,0,0,1,0,0,0,0,2,0,1,0,0,0,0,0,0,25,male,104
772,1,0,0,0,0,1,1,1,1,0,0,0,0,1,0,0,2,0,0,0,0,2,0,1,0,0,0,0,0,0,25,male,102
773,2,0,0,1,0,1,1,1,1,0,0,1,0,0,0,0,1,0,0,0,0,2,0,0,0,0,0,0,0,0,25,male,105
774,1,0,0,1,0,2,0,1,2,0,0,1,0,1,0,0,2,0,0,0,0,3,0,1,0,0,0,0,0,0,25,male,113
775,0,0,0,1,0,1,1,0,1,0,0,0,0,1,0,0,3,0,2,0,0,0,0,0,0,0,0,0,1,1,24,male,115
776,0,0,0,1,0,1,1,0,1,0,0,0,0,1,0,0,3,0,2,0,0,0,0,0,0,0,0,0,1,1,24,male,115
777,0,0,0,2,0,0,1,0,2,0,0,0,0,1,0,0,3,0,2,0,0,0,0,0,0,0,0,0,1,1,24,male,122
778,0,0,0,2,0,1,0,0,2,0,0,0,0,0,0,0,3,0,3,0,0,0,0,0,0,0,0,0,0,0,24,male,125
779,1,0,0,0,0,3,1,1,1,0,1,0,0,1,0,0,2,1,1,0,0,1,0,1,0,1,1,2,0,0,19,male,126
780,1,0,0,0,0,2,1,1,1,0,1,0,0,1,0,0,1,1,1,0,0,2,0,1,0,1,0,1,0,0,19,male,134
781,1,0,0,0,0,2,0,1,0,0,1,0,0,1,0,0,1,1,1,0,0,1,0,0,0,0,1,1,0,0,19,male,133
782,0,0,0,0,0,2,1,0,1,0,0,0,0,0,0,0,2,0,0,0,0,2,0,1,0,1,1,2,0,0,19,male,136
783,0,0,0,0,0,0,0,0,2,0,0,0,0,1,0,0,1,1,1,0,0,1,0,0,0,0,1,0,0,0,30,male,139
784,0,0,0,0,0,0,0,0,2,0,0,0,0,1,0,0,1,1,1,0,0,1,0,0,0,0,1,0,0,0,30,male,139
785,0,0,0,0,0,0,0,0,1,0,0,0,0,2,0,0,1,1,1,0,0,1,0,0,0,0,1,0,0,0,30,male,142
786,0,0,0,0,0,0,0,0,1,0,0,0,0,2,0,0,1,1,1,0,0,1,0,0,0,0,1,0,0,0,30,male,142
787,0,0,0,0,0,0,0,0,2,0,0,0,0,2,0,0,0,0,0,0,0,0,0,0,0,0,0,0,0,0,30,male,147
788,0,0,2,0,0,0,0,0,0,0,1,2,0,3,0,1,0,2,0,1,0,3,0,0,0,0,0,2,0,0,22,male,824
789,0,0,2,0,0,0,0,0,0,0,1,2,0,3,0,1,0,2,0,1,0,3,0,0,0,0,0,2,0,0,22,male,824
790,0,0,2,0,0,0,0,0,0,0,1,2,0,3,0,1,0,2,0,1,0,3,0,0,0,0,0,2,0,0,22,male,824
791,0,0,3,0,0,0,0,0,0,0,1,1,0,4,0,0,0,1,0,1,0,3,0,0,0,0,0,1,0,0,22,male,826
792,0,0,3,0,0,0,0,0,0,0,0,1,0,3,0,1,0,1,0,0,0,4,0,0,0,0,0,1,0,0,22,male,833
793,0,0,0,0,0,3,0,0,1,2,0,0,1,2,0,0,2,0,0,0,0,2,0,0,0,0,0,0,0,1,35,male,167
794,0,0,0,0,0,4,0,1,0,2,0,0,1,2,0,0,1,0,1,0,0,1,0,0,0,0,0,0,0,0,35,male,165
795,0,0,0,0,0,3,0,1,1,1,0,0,1,1,0,0,2,0,1,0,0,2,0,0,0,0,0,0,0,1,35,male,168
796,0,0,0,0,0,3,0,1,1,1,0,0,1,1,0,0,2,0,1,0,0,2,0,0,0,0,0,0,0,1,35,male,168
797,0,0,0,0,0,3,0,1,1,2,0,0,0,2,0,0,1,0,1,0,0,1,0,0,0,0,0,0,0,1,35,male,172
798,0,0,0,0,1,1,1,0,0,0,0,0,1,2,0,0,1,0,0,0,0,0,0,0,1,1,0,1,0,0,40,male,175
799,0,0,0,0,0,2,1,0,0,0,1,1,1,2,0,0,0,0,1,0,0,0,0,0,0,1,0,1,0,0,40,male,177
800,0,0,0,0,1,1,1,0,0,0,1,1,1,1,0,0,1,0,1,0,0,0,0,0,1,1,0,1,0,0,40,male,181
801,0,0,0,0,1,2,0,0,0,0,1,1,0,1,0,0,1,0,1,0,0,0,0,0,1,0,0,0,0,0,40,male,185
802,0,0,0,1,0,1,0,0,2,1,2,1,0,1,1,0,1,0,2,0,0,2,1,1,0,0,0,2,0,2,46,male,187
803,0,0,0,1,0,1,0,0,2,1,2,1,0,1,1,0,1,0,2,0,0,2,1,1,0,0,0,2,0,2,46,male,187
804,0,0,0,2,0,0,0,0,3,1,1,0,0,1,1,0,1,0,2,0,0,1,1,1,0,0,0,1,0,3,46,male,193
805,0,0,0,2,0,1,0,0,2,1,1,1,0,0,0,0,0,0,1,0,0,1,1,0,0,0,0,1,0,2,46,male,192
806,0,0,0,2,0,1,0,0,3,0,2,1,0,1,1,0,1,0,2,0,0,2,1,1,0,0,0,2,0,3,46,male,194
807,0,0,0,2,0,1,0,0,3,1,2,1,0,1,1,0,1,0,1,0,0,2,0,1,0,0,0,2,0,3,46,male,195
808,1,0,0,0,0,0,1,1,0,0,0,0,0,0,0,0,1,0,0,0,0,1,0,0,0,0,0,0,0,0,63,male,102
809,2,0,0,1,0,1,1,0,1,0,0,1,0,0,0,0,0,0,0,0,0,1,0,0,0,0,0,0,0,0,63,male,104
810,1,0,0,1,0,1,0,1,1,0,0,1,0,0,0,0,1,0,0,0,0,2,0,0,0,0,0,0,0,0,63,male,113
811,0,0,0,0,0,1,0,0,0,0,2,1,0,2,0,0,0,0,1,0,0,0,0,0,0,0,1,1,0,0,45,male,330
812,0,0,0,0,0,0,0,0,1,0,1,1,0,1,0,0,1,0,2,0,1,1,0,0,0,0,0,1,0,1,45,male,335
813,0,0,0,0,0,1,0,0,1,0,1,1,0,1,0,0,1,0,1,0,1,1,0,0,0,0,1,0,0,1,45,male,337
814,0,0,0,0,0,1,0,0,1,0,2,0,0,2,0,0,1,0,2,0,1,1,0,0,0,0,1,1,0,1,45,male,340
815,0,0,0,0,0,1,0,0,2,0,0,0,0,1,0,0,2,0,0,0,0,2,3,0,0,0,0,0,0,0,33,male,355
816,0,0,0,0,0,1,0,0,1,0,0,1,0,2,0,0,2,0,0,0,0,2,2,0,0,0,0,0,0,0,33,male,362
817,0,0,0,0,0,1,0,0,1,0,0,1,0,2,0,0,2,0,0,0,0,2,2,0,0,0,0,0,0,0,33,male,362
818,0,0,0,0,0,0,0,0,2,0,0,1,0,1,0,0,3,0,0,0,0,3,2,0,0,0,0,0,0,0,33,male,363
819,0,0,1,0,0,3,0,0,1,1,1,1,0,1,0,1,1,0,1,0,0,1,1,0,0,0,0,1,0,0,22,male,494
820,0,0,0,0,0,2,0,1,1,1,1,1,0,2,0,1,2,0,1,0,0,1,1,0,0,0,0,1,0,1,22,male,493
821,0,0,1,0,0,2,0,1,2,1,1,0,0,2,0,0,1,0,0,0,0,0,1,0,0,0,0,0,0,1,22,male,499
822,0,0,1,0,0,3,0,1,2,1,0,1,0,2,0,1,2,0,1,0,0,1,0,0,0,0,0,1,0,1,22,male,502
823,0,0,1,0,0,2,0,1,2,0,1,1,0,1,0,1,2,0,1,0,0,1,1,0,0,0,0,1,0,1,22,male,505
824,0,0,0,0,1,0,0,0,0,0,0,2,0,0,0,0,3,0,0,0,0,2,2,0,0,0,0,1,0,0,56,male,522
825,0,0,0,1,1,1,0,0,1,0,0,2,0,1,0,0,3,0,0,0,0,2,1,0,0,0,0,1,0,0,56,male,533
826,0,0,0,1,1,1,0,0,1,0,0,2,0,1,0,0,3,0,0,0,0,2,1,0,0,0,0,1,0,0,56,male,533
827,0,0,0,1,0,1,0,0,1,0,0,3,0,1,0,0,3,0,0,0,0,3,2,0,0,0,0,0,0,0,56,male,530
828,1,0,0,0,0,0,0,0,0,0,0,0,0,1,0,0,0,0,3,0,0,0,0,0,0,0,1,0,0,0,66,male,932
829,1,0,0,0,0,1,0,0,0,0,1,0,0,1,0,0,0,0,3,0,0,0,0,0,0,0,1,0,0,0,66,male,934
830,1,0,0,0,0,1,0,0,0,0,1,0,0,1,0,0,0,0,3,0,0,0,0,0,0,0,1,0,0,0,66,male,934
831,1,0,0,0,0,1,0,0,0,0,1,0,0,1,0,0,0,0,4,0,0,0,0,0,0,0,0,0,0,0,66,male,937
832,0,0,0,0,0,1,0,0,0,0,1,0,0,0,0,0,0,0,3,0,0,0,0,0,0,0,1,0,0,0,66,male,938
